﻿<LinkSources version="1.02">
  <page ID="AAC5E32B-D55A-40C9-8CC5-73FE10445198">
    <linkSource sourcePageID="B536E3AE-6152-44E6-A174-552FB9D2C880" comID="45623AA9-F399-481E-BFF1-AA3182AF9AE1" comLinkType="cltPageLink"/>
  </page>
  <page ID="9BCCAB72-8262-4FB4-AD07-CEA0F69AD34B">
    <linkSource sourcePageID="AAC5E32B-D55A-40C9-8CC5-73FE10445198" comID="D3A938A7-478B-4840-B9A2-C98D708DF551" comLinkType="cltPageLink"/>
    <linkSource sourcePageID="F71F1D33-CE01-444C-A0E9-40B3B1125F73" comID="DF5FF5A6-F9F6-4D92-B0B4-368291A7F7AF" comLinkType="cltPageLink"/>
  </page>
  <page ID="67E9FBC5-D784-444E-9ED4-0D1842B8F15E">
    <linkSource sourcePageID="9BCCAB72-8262-4FB4-AD07-CEA0F69AD34B" comID="3F13401B-19B5-4570-B4CB-DA6D16558872" comLinkType="cltPageLink"/>
    <linkSource sourcePageID="67E9FBC5-D784-444E-9ED4-0D1842B8F15E" comID="FD8A761E-3E12-43F5-9C7E-F83E502A52C0" comLinkType="cltPageLink"/>
    <linkSource sourcePageID="F71F1D33-CE01-444C-A0E9-40B3B1125F73" comID="D9213923-2D5B-49B4-A715-C83334FFFC0B" comLinkType="cltPageLink"/>
  </page>
  <page ID="F71F1D33-CE01-444C-A0E9-40B3B1125F73">
    <linkSource sourcePageID="9BCCAB72-8262-4FB4-AD07-CEA0F69AD34B" comID="F81A6F99-A295-40EA-B1E2-2257A12BD793" comLinkType="cltPageLink"/>
    <linkSource sourcePageID="67E9FBC5-D784-444E-9ED4-0D1842B8F15E" comID="756D3D89-B535-4612-B6EF-0DD108773D94" comLinkType="cltPageLink"/>
    <linkSource sourcePageID="F71F1D33-CE01-444C-A0E9-40B3B1125F73" comID="B83DC583-808F-4AED-BEC7-9F7EBB32B1F6" comLinkType="cltPageLink"/>
  </page>
  <page ID="D113B008-52BA-4EFA-A19C-9567662380CF">
    <linkSource sourcePageID="9BCCAB72-8262-4FB4-AD07-CEA0F69AD34B" comID="99CFDCD9-07D9-4340-A161-6AF852BBB050" comLinkType="cltPageLink"/>
  </page>
  <page ID="CAB8AEAD-9168-415B-B882-769C91672035">
    <linkSource sourcePageID="CAB8AEAD-9168-415B-B882-769C91672035" comID="85288928-4C74-45EB-9CA1-8CFEB2EC46EE" comLinkType="cltPageLink"/>
    <linkSource sourcePageID="2F288B05-57ED-4CAE-A8D6-79FD0F6BAE87" comID="74F66CD3-0520-449D-BDAB-8438BB9F8E23" comLinkType="cltPageLink"/>
    <linkSource sourcePageID="AAC5E32B-D55A-40C9-8CC5-73FE10445198" comID="D401D6DC-A465-4450-94A0-E94F9D406A75" comLinkType="cltPageLink"/>
  </page>
  <page ID="2F288B05-57ED-4CAE-A8D6-79FD0F6BAE87">
    <linkSource sourcePageID="CAB8AEAD-9168-415B-B882-769C91672035" comID="0168B0B6-3E7F-4EFC-BFA8-138CA2F03626" comLinkType="cltPageLink"/>
    <linkSource sourcePageID="2F288B05-57ED-4CAE-A8D6-79FD0F6BAE87" comID="DC19B195-196F-4C16-B362-E522FD20EE2E" comLinkType="cltPageLink"/>
  </page>
  <page ID="02F85674-42BA-4DDE-BC6E-6003A817EA38">
    <linkSource sourcePageID="AAC5E32B-D55A-40C9-8CC5-73FE10445198" comID="2B9AB8B1-5D13-4830-A066-FA4CF73F2193" comLinkType="cltPageLink"/>
    <linkSource sourcePageID="D782EB34-2D17-48D9-8BAF-FC45D73CCE1D" comID="ACF40154-6508-4D70-B728-DEE6C7734116" comLinkType="cltPageLink"/>
    <linkSource sourcePageID="7B9C66D6-ABF6-4731-A5E6-F6F6DA520959" comID="A6597CAA-3EEF-4F1B-A1BC-422A52F98C92" comLinkType="cltPageLink"/>
  </page>
  <page ID="D782EB34-2D17-48D9-8BAF-FC45D73CCE1D">
    <linkSource sourcePageID="02F85674-42BA-4DDE-BC6E-6003A817EA38" comID="BFFAD306-4E97-4162-AE16-7BE107207D29" comLinkType="cltPageLink"/>
    <linkSource sourcePageID="7B9C66D6-ABF6-4731-A5E6-F6F6DA520959" comID="146137E0-E716-4BD9-A562-4BF28A44B669" comLinkType="cltPageLink"/>
  </page>
  <page ID="7B9C66D6-ABF6-4731-A5E6-F6F6DA520959">
    <linkSource sourcePageID="02F85674-42BA-4DDE-BC6E-6003A817EA38" comID="0C3021D5-D8B3-43C8-B73D-71D8712EA366" comLinkType="cltPageLink"/>
    <linkSource sourcePageID="D782EB34-2D17-48D9-8BAF-FC45D73CCE1D" comID="1B49E92A-37A9-48EB-9D95-F813EBD68619" comLinkType="cltPageLink"/>
  </page>
  <page ID="FFA7CFC2-EC1E-4483-B9FE-C05155731FB4">
    <linkSource sourcePageID="B536E3AE-6152-44E6-A174-552FB9D2C880" comID="0D1B4EBD-E5B8-41BD-985D-FB7A0DB07E4C" comLinkType="cltPageLink"/>
  </page>
  <page ID="3AB72DDD-0667-420B-8B12-A8E925528619">
    <linkSource sourcePageID="FFA7CFC2-EC1E-4483-B9FE-C05155731FB4" comID="9DFA9A5E-0EFD-48D7-B8D4-E411B887AA05" comLinkType="cltPageLink"/>
  </page>
  <page ID="739E8ABC-D593-4816-A3F1-BCDA0451AFE2">
    <linkSource sourcePageID="FFA7CFC2-EC1E-4483-B9FE-C05155731FB4" comID="9B0413E0-4048-42BD-8A38-3AB44137203B" comLinkType="cltPageLink"/>
  </page>
  <page ID="DD69036D-BB44-46C9-B4F9-FD2DAFA07CC8">
    <linkSource sourcePageID="FFA7CFC2-EC1E-4483-B9FE-C05155731FB4" comID="C4B652A4-CD14-44F8-B18D-19536EDC99CD" comLinkType="cltPageLink"/>
  </page>
  <page ID="00BB2FC0-87E9-451C-8D83-CA4EFB00F408">
    <linkSource sourcePageID="B536E3AE-6152-44E6-A174-552FB9D2C880" comID="E58884CE-EDFE-4757-BFD9-7D6A63060F43" comLinkType="cltPageLink"/>
  </page>
  <page ID="0746EC70-552B-4D8F-A20D-C676E45BFECB">
    <linkSource sourcePageID="00BB2FC0-87E9-451C-8D83-CA4EFB00F408" comID="120260A6-20AD-4B81-A011-9912B6C78650" comLinkType="cltPageLink"/>
    <linkSource sourcePageID="0746EC70-552B-4D8F-A20D-C676E45BFECB" comID="204885C6-867F-47BC-8E6D-DFE70069D7FC" comLinkType="cltPageLink"/>
    <linkSource sourcePageID="BF8047CE-E848-4AD9-A44A-47AB6FBDCD5E" comID="EC31141A-4583-4E85-A5E0-942EA611E567" comLinkType="cltPageLink"/>
  </page>
  <page ID="BF8047CE-E848-4AD9-A44A-47AB6FBDCD5E">
    <linkSource sourcePageID="00BB2FC0-87E9-451C-8D83-CA4EFB00F408" comID="14FA1F1C-BBE8-492E-8FE5-D2C62D1355B9" comLinkType="cltPageLink"/>
    <linkSource sourcePageID="0746EC70-552B-4D8F-A20D-C676E45BFECB" comID="3E037915-34D8-45DA-8CFC-3DE20ED9443D" comLinkType="cltPageLink"/>
    <linkSource sourcePageID="BF8047CE-E848-4AD9-A44A-47AB6FBDCD5E" comID="A3AEE608-2FD1-4453-808A-1A179DC0FDB2" comLinkType="cltPageLink"/>
  </page>
  <page ID="19E555C8-F8FF-4E0C-833E-99A1BF888460">
    <linkSource sourcePageID="B536E3AE-6152-44E6-A174-552FB9D2C880" comID="7EECD80E-D07A-43BA-B38B-928E1D5DC5B8" comLinkType="cltPageLink"/>
  </page>
  <page ID="E72C7FEB-C2AB-44B5-927F-BB1A6B2BF97B">
    <linkSource sourcePageID="19E555C8-F8FF-4E0C-833E-99A1BF888460" comID="0904C1E3-68AE-41D2-A0C6-181B79E4BC3B" comLinkType="cltPageLink"/>
  </page>
  <page ID="E16F9AAF-79FA-480E-91E3-36D455E25AFD">
    <linkSource sourcePageID="19E555C8-F8FF-4E0C-833E-99A1BF888460" comID="FA703F45-E594-492F-AB53-92AA66586EA8" comLinkType="cltPageLink"/>
  </page>
  <page ID="B9DC3E60-0E6A-4785-A866-B51049DACD7E">
    <linkSource sourcePageID="19E555C8-F8FF-4E0C-833E-99A1BF888460" comID="C3E8F362-3C6A-448A-AC69-2A1147C88DC8" comLinkType="cltPageLink"/>
  </page>
  <page ID="C267E6FF-8A7A-45E2-83A3-14E3507BE2DA">
    <linkSource sourcePageID="19E555C8-F8FF-4E0C-833E-99A1BF888460" comID="EDDF36E0-A128-4788-A11C-4392F52DB2C7" comLinkType="cltPageLink"/>
  </page>
  <page ID="55EAA2F2-6DE6-4F50-8322-AB88435F9818">
    <linkSource sourcePageID="B536E3AE-6152-44E6-A174-552FB9D2C880" comID="EA12CFA0-5F24-488C-846B-1001EA3B97F2" comLinkType="cltPageLink"/>
    <linkSource sourcePageID="19E555C8-F8FF-4E0C-833E-99A1BF888460" comID="469ED67A-CA5F-4F8F-8E81-C26969CF6747" comLinkType="cltPageLink"/>
  </page>
  <page ID="13ED06E5-85F6-468F-9185-E68840465FC0">
    <linkSource sourcePageID="B536E3AE-6152-44E6-A174-552FB9D2C880" comID="2274AF01-5973-4D59-918A-F31F9FE45F15" comLinkType="cltPageLink"/>
  </page>
  <page ID="E0D6C6CB-F9C4-4887-8F71-4EEEC2BA7365">
    <linkSource sourcePageID="13ED06E5-85F6-468F-9185-E68840465FC0" comID="CB0F5BDA-2B45-4828-B003-86AAD11148BC" comLinkType="cltPageLink"/>
  </page>
  <page ID="32C156B0-B1FF-4216-9886-5D5BB846BEAB">
    <linkSource sourcePageID="B536E3AE-6152-44E6-A174-552FB9D2C880" comID="EF9527FA-0503-4F9C-BFA6-1CEEEA5EABA3" comLinkType="cltPageLink"/>
  </page>
  <page ID="E333BE5F-A51E-406A-81E2-136A2E34F280">
    <linkSource sourcePageID="32C156B0-B1FF-4216-9886-5D5BB846BEAB" comID="96E91919-DA76-41E7-B974-6CD704A1ABB7" comLinkType="cltPageLink"/>
    <linkSource sourcePageID="8468A2EA-B103-45E5-86DF-FE2220452A98" comID="78F7EADF-9FF2-4C5C-BB6A-33EDF558452F" comLinkType="cltPageLink"/>
    <linkSource sourcePageID="C18D9A18-D667-4F83-8D0B-EFB2FF10C469" comID="6C3199E3-7FBE-4D57-80DB-89A571A3A7A9" comLinkType="cltPageLink"/>
  </page>
  <page ID="8468A2EA-B103-45E5-86DF-FE2220452A98">
    <linkSource sourcePageID="E333BE5F-A51E-406A-81E2-136A2E34F280" comID="802D0D16-52A0-44A4-AF58-45E481D89CF4" comLinkType="cltPageLink"/>
    <linkSource sourcePageID="C18D9A18-D667-4F83-8D0B-EFB2FF10C469" comID="9EB9D7EC-9BB3-424E-8D6A-13E44FA899C4" comLinkType="cltPageLink"/>
  </page>
  <page ID="C18D9A18-D667-4F83-8D0B-EFB2FF10C469">
    <linkSource sourcePageID="E333BE5F-A51E-406A-81E2-136A2E34F280" comID="16B21B97-173C-4E17-BE06-5167E1A721EE" comLinkType="cltPageLink"/>
    <linkSource sourcePageID="8468A2EA-B103-45E5-86DF-FE2220452A98" comID="10EA8A9F-A11E-452F-817E-CDFB2BF40B61" comLinkType="cltPageLink"/>
  </page>
  <page ID="D15BD40D-F839-48C2-ABBB-F261AC22F059">
    <linkSource sourcePageID="32C156B0-B1FF-4216-9886-5D5BB846BEAB" comID="C80CECC7-6D36-4DF1-B2BC-48685A1DE08B" comLinkType="cltPageLink"/>
  </page>
</LinkSources>