﻿<project version="2.1" name="代理模块项目原型图" ID="B1BCBA54-59FF-48F6-96DE-F4E43F6701A2" addTime="2016-11-15">
  <params>
    <pageParam version="4.2" minAllowVersion="4.1"/>
    <projectParam version="2.1" minAllowVersion="2.0" platform="MtMobile" orientation="MoPortrait" mobileScreenScale="1.77777779102325" mobileType="mmtAndroid" pageSize="(360,640)" backgroundColor="4294967295" fontSize="0" fontFamily="" from="FmLocal"/>
  </params>
  <modules>
    <page name="代理首页" ID="B536E3AE-6152-44E6-A174-552FB9D2C880" expanded="True" code="GOnwzGNLUu" thumbCode="mwpsTKAA47" status="psWhite">
      <images>
        <image key="8DAA0B8D8A482E67965872B36B4B87A2.png"/>
        <image key="6C9C063EB6EB64A85801D5DE94C8BA39.png"/>
        <image key="B5040038E842D3E365EECBE914DC2003.png"/>
        <image key="4AA7BBD4B3F17D3D28F28A7DCA34F457.png"/>
        <image key="D7D3FBF745CC622B4CD8C8272049525C.png"/>
        <image key="D95E480717200F895E41DB6E5B869596.svg"/>
      </images>
      <page name="店铺管理" ID="AAC5E32B-D55A-40C9-8CC5-73FE10445198" expanded="True" code="lpSLGQw1Xp" thumbCode="gGDS4I78qD" status="psWhite">
        <images>
          <image key="00BB2937D946F69E2B7905110DBA4FD4.png"/>
          <image key="7F5A211A861D1C9D422FDDF0D1B683A0.png"/>
          <image key="A4C35FA23C1558810ED73C0EF119A00B.png"/>
          <image key="D95E480717200F895E41DB6E5B869596.svg"/>
        </images>
        <page name="商品管理" ID="9BCCAB72-8262-4FB4-AD07-CEA0F69AD34B" expanded="False" code="qhA3dIEYxT" thumbCode="qhA3dIEYxT" status="psWhite">
          <images>
            <image key="51B0417351D2B9CC28A17277CE16939E.png"/>
            <image key="77E09AC38E8923235C60D6E98B3BE1CC.png"/>
            <image key="D95E480717200F895E41DB6E5B869596.svg"/>
            <image key="31E3EB65C3DCA8C0BF14B300E802C3B1.png"/>
          </images>
          <page name="在线商品" ID="67E9FBC5-D784-444E-9ED4-0D1842B8F15E" expanded="True" code="wwBHj4FOUR" thumbCode="wwBHj4FOUR" status="psWhite">
            <images>
              <image key="4B6ABAF10F3627CFADAE67A5BF8A3066.png"/>
              <image key="51B0417351D2B9CC28A17277CE16939E.png"/>
              <image key="D95E480717200F895E41DB6E5B869596.svg"/>
            </images>
          </page>
          <page name="下架商品" ID="F71F1D33-CE01-444C-A0E9-40B3B1125F73" expanded="False" code="wmShed5BBq" thumbCode="wmShed5BBq" status="psWhite">
            <images>
              <image key="713DE7703ADF28B008734063053FDAA6.png"/>
              <image key="51B0417351D2B9CC28A17277CE16939E.png"/>
              <image key="D95E480717200F895E41DB6E5B869596.svg"/>
            </images>
          </page>
          <page name="添加商品" ID="D113B008-52BA-4EFA-A19C-9567662380CF" expanded="True" code="uL84UA4CVS" thumbCode="uL84UA4CVS" status="psWhite">
            <images>
              <image key="D95E480717200F895E41DB6E5B869596.svg"/>
              <image key="21C2A3205409B208586D1AC2A579F68B.png"/>
            </images>
          </page>
        </page>
        <page name="商品收益" ID="CAB8AEAD-9168-415B-B882-769C91672035" expanded="False" code="8dSuyUpvhH" thumbCode="8dSuyUpvhH" status="psWhite">
          <images>
            <image key="D95E480717200F895E41DB6E5B869596.svg"/>
          </images>
          <page name="交易中" ID="2F288B05-57ED-4CAE-A8D6-79FD0F6BAE87" expanded="True" code="6wqwzsIcLT" thumbCode="6wqwzsIcLT" status="psWhite"/>
        </page>
        <page name="订单管理" ID="02F85674-42BA-4DDE-BC6E-6003A817EA38" expanded="False" code="kcqGiXJm2D" thumbCode="kcqGiXJm2D" status="psWhite">
          <images>
            <image key="D95E480717200F895E41DB6E5B869596.svg"/>
          </images>
          <page name="已完成" ID="D782EB34-2D17-48D9-8BAF-FC45D73CCE1D" expanded="True" code="FiuPcbRsyM" thumbCode="FiuPcbRsyM" status="psWhite"/>
          <page name="已关闭" ID="7B9C66D6-ABF6-4731-A5E6-F6F6DA520959" expanded="True" code="he9GuN3AXa" thumbCode="he9GuN3AXa" status="psWhite"/>
        </page>
      </page>
      <page name="数据统计" ID="FFA7CFC2-EC1E-4483-B9FE-C05155731FB4" expanded="True" code="aUgVvjJNvS" thumbCode="n5rdvL5DQm" status="psWhite">
        <images>
          <image key="8FACD1A6DD0E0A1D0F90FF61845F4023.svg"/>
          <image key="E81ED979293FF1C7F35153E7BDA571B8.svg"/>
          <image key="154439F4F2F32A80350431C195202500.png"/>
          <image key="D95E480717200F895E41DB6E5B869596.svg"/>
        </images>
        <page name="访客统计" ID="3AB72DDD-0667-420B-8B12-A8E925528619" expanded="True" code="DRcxbWwfwy" thumbCode="DRcxbWwfwy" status="psWhite">
          <images>
            <image key="E00E4E10AC9D6D430F609F540052F26D.png"/>
            <image key="5ECA9FF41A506EC58D63CE83BAF05B5A.png"/>
            <image key="D95E480717200F895E41DB6E5B869596.svg"/>
          </images>
        </page>
        <page name="订单统计" ID="739E8ABC-D593-4816-A3F1-BCDA0451AFE2" expanded="True" code="ZpZv7J3jSt" thumbCode="ZpZv7J3jSt" status="psWhite">
          <images>
            <image key="D95E480717200F895E41DB6E5B869596.svg"/>
          </images>
        </page>
        <page name="收入统计" ID="DD69036D-BB44-46C9-B4F9-FD2DAFA07CC8" expanded="True" code="tt6ngi2AOP" thumbCode="tt6ngi2AOP" status="psWhite">
          <images>
            <image key="D95E480717200F895E41DB6E5B869596.svg"/>
          </images>
        </page>
      </page>
      <page name="粉丝管理" ID="00BB2FC0-87E9-451C-8D83-CA4EFB00F408" expanded="True" code="Ce5J2kZW88" thumbCode="Ce5J2kZW88" status="psWhite">
        <images>
          <image key="19ECBC49A8EDA7AD902E2257FF768D9F.png"/>
          <image key="77AA0B2166C0AD15300ECEAD5F12EDA3.png"/>
          <image key="8ABE440DEB84C458041A331FB2D75324.png"/>
          <image key="D95E480717200F895E41DB6E5B869596.svg"/>
        </images>
        <page name="添加分组" ID="0746EC70-552B-4D8F-A20D-C676E45BFECB" expanded="True" code="yG3WxHZOyM" thumbCode="MVb7vta6Bn" status="psWhite">
          <images>
            <image key="77AA0B2166C0AD15300ECEAD5F12EDA3.png"/>
            <image key="8ABE440DEB84C458041A331FB2D75324.png"/>
            <image key="19ECBC49A8EDA7AD902E2257FF768D9F.png"/>
          </images>
        </page>
        <page name="操作" ID="BF8047CE-E848-4AD9-A44A-47AB6FBDCD5E" expanded="True" code="ADcekkE2gd" thumbCode="5fAjsZGD5T" status="psWhite">
          <images>
            <image key="19ECBC49A8EDA7AD902E2257FF768D9F.png"/>
            <image key="77AA0B2166C0AD15300ECEAD5F12EDA3.png"/>
            <image key="8ABE440DEB84C458041A331FB2D75324.png"/>
          </images>
        </page>
      </page>
      <page name="收入管理" ID="19E555C8-F8FF-4E0C-833E-99A1BF888460" expanded="True" code="amvfosaWN3" thumbCode="VZT4h95raS" status="psWhite">
        <images>
          <image key="2FC062F036D56DE294BAD52C70959E45.png"/>
          <image key="D374F3C2FF1B1ADA78B7390FEDBB6788.png"/>
          <image key="C40241731F071BB92A213F07543AF132.png"/>
          <image key="8DE80182EB372332B01616F13655A17E.png"/>
          <image key="0AEA60E29106D836834E26793A2C83E9.png"/>
          <image key="D95E480717200F895E41DB6E5B869596.svg"/>
        </images>
        <page name="粉丝收益明细" ID="E72C7FEB-C2AB-44B5-927F-BB1A6B2BF97B" expanded="True" code="OeXkkZ6yhZ" thumbCode="OeXkkZ6yhZ" status="psWhite">
          <images>
            <image key="D95E480717200F895E41DB6E5B869596.svg"/>
          </images>
        </page>
        <page name="商品收益明细" ID="E16F9AAF-79FA-480E-91E3-36D455E25AFD" expanded="False" code="GtHQciCGdl" thumbCode="GtHQciCGdl" status="psWhite">
          <images>
            <image key="D95E480717200F895E41DB6E5B869596.svg"/>
          </images>
        </page>
        <page name="提现明细" ID="B9DC3E60-0E6A-4785-A866-B51049DACD7E" expanded="False" code="gPja3xdMaq" thumbCode="gPja3xdMaq" status="psWhite">
          <images>
            <image key="D95E480717200F895E41DB6E5B869596.svg"/>
          </images>
        </page>
        <page name="绑定银行卡" ID="C267E6FF-8A7A-45E2-83A3-14E3507BE2DA" expanded="False" code="iCRROPQDuF" thumbCode="iCRROPQDuF" status="psWhite">
          <images>
            <image key="D95E480717200F895E41DB6E5B869596.svg"/>
          </images>
        </page>
        <page name="提现页面" ID="55EAA2F2-6DE6-4F50-8322-AB88435F9818" expanded="False" code="tTDojmKvVL" thumbCode="Bg8gtuhQMu" status="psWhite">
          <images>
            <image key="5DF30D53E92E08307042093DE14B366D.png"/>
            <image key="D95E480717200F895E41DB6E5B869596.svg"/>
          </images>
        </page>
        <page name="推广管理" ID="13ED06E5-85F6-468F-9185-E68840465FC0" expanded="True" code="9rLS8Zg6xa" thumbCode="QRvaL4gSqk" status="psWhite" isLastOpen="True">
          <images>
            <image key="6D54356D025E8C481055239C54E98BBE.png"/>
            <image key="D9595E114868868960E8B131ED99096F.png"/>
            <image key="F4944A258A2A08114FB7D2C08A9C15FA.png"/>
            <image key="195DF8B34A582E98825B50ACB470BA1D.png"/>
            <image key="465DB1E3812808999ADC7E43E7A199D8.png"/>
            <image key="D95E480717200F895E41DB6E5B869596.svg"/>
          </images>
          <page name="推广二维码" ID="E0D6C6CB-F9C4-4887-8F71-4EEEC2BA7365" expanded="True" code="rYvDxVbFJB" thumbCode="rYvDxVbFJB" status="psWhite">
            <images>
              <image key="9AD7128DD14E26393C8E8D56C9838A3E.png"/>
              <image key="03AC4C068BAF1E0560BFB1DCB0F50CF6.png"/>
              <image key="9B439A11723B8DB9F6890D15C90CAAA8.png"/>
              <image key="9CFCAE0A9E206B89E6C23139B251B56B.png"/>
              <image key="E375E98779F653160EB3A1EEC1F19653.png"/>
              <image key="B2244B4211D68C53945A20A6378D00DF.png"/>
              <image key="D95E480717200F895E41DB6E5B869596.svg"/>
            </images>
          </page>
          <page name="分享赚钱" ID="601DD485-E4E5-4B25-A433-05C5F2F3307F" expanded="True" code="pIgr5ZuVMM" thumbCode="pIgr5ZuVMM" status="psWhite">
            <images>
              <image key="D95E480717200F895E41DB6E5B869596.svg"/>
            </images>
          </page>
          <page name="QQ加粉" ID="6A135596-77DD-4B7E-A657-ACF55663BAED" expanded="False" code="TSs6W6apSc" thumbCode="TSs6W6apSc" status="psWhite">
            <images>
              <image key="D95E480717200F895E41DB6E5B869596.svg"/>
            </images>
          </page>
          <page name="活动设置" ID="006ACD7B-2947-42DC-BE3F-5B902CCC76AD" expanded="True" code="L2ixLthEoO" thumbCode="L2ixLthEoO" status="psWhite">
            <images>
              <image key="D95E480717200F895E41DB6E5B869596.svg"/>
            </images>
          </page>
        </page>
      </page>
      <page name="亿七公益" ID="32C156B0-B1FF-4216-9886-5D5BB846BEAB" expanded="True" code="rnWmj8aLTJ" thumbCode="uDxfLjYbLx" status="psWhite">
        <images>
          <image key="261F20541BA8B2BF65ECB00D7DFE2984.png"/>
          <image key="B561947E168C6022B7DC4217C21BA5DA.png"/>
          <image key="7FE69FE4E81290099982DE1A732CC6D8.png"/>
          <image key="0F4F47A7BF8D77275C09D7FC21511087.png"/>
          <image key="2DFF81B6EDDA6AA0EB656C6E37FE03F8.png"/>
          <image key="D95E480717200F895E41DB6E5B869596.svg"/>
        </images>
        <page name="捐赠记录" ID="E333BE5F-A51E-406A-81E2-136A2E34F280" expanded="True" code="At3AhHSOgm" thumbCode="KjpMozIRcg" status="psWhite">
          <images>
            <image key="71F4397FE33E504BC993BAB3F7427BC7.png"/>
            <image key="D95E480717200F895E41DB6E5B869596.svg"/>
          </images>
          <page name="项目反馈" ID="8468A2EA-B103-45E5-86DF-FE2220452A98" expanded="False" code="djwkYyQQMo" thumbCode="djwkYyQQMo" status="psWhite">
            <images>
              <image key="7B3DDD85AA86BCB313632AA74DB50ACC.png"/>
              <image key="D95E480717200F895E41DB6E5B869596.svg"/>
            </images>
          </page>
          <page name="已结束" ID="C18D9A18-D667-4F83-8D0B-EFB2FF10C469" expanded="True" code="ovCN8hmSZC" thumbCode="ovCN8hmSZC" status="psWhite">
            <images>
              <image key="17FFBB34F6863578C142C7DA39C76144.png"/>
              <image key="703260FEB420C501D5A54171294B6C92.png"/>
              <image key="D95E480717200F895E41DB6E5B869596.svg"/>
            </images>
          </page>
        </page>
        <page name="反馈信息" ID="D15BD40D-F839-48C2-ABBB-F261AC22F059" expanded="True" code="Mvfa1MWaIQ" thumbCode="Mvfa1MWaIQ" status="psWhite">
          <images>
            <image key="D756FD203703C3226677149A0C5667F3.png"/>
            <image key="D95E480717200F895E41DB6E5B869596.svg"/>
          </images>
        </page>
        <page name="读取反馈信息" ID="9E916040-AF95-44D6-88FC-8035695AC0D3" expanded="False" code="HJ3ua5qhuz" thumbCode="fKlovvRyUe" status="psWhite">
          <images>
            <image key="D756FD203703C3226677149A0C5667F3.png"/>
          </images>
        </page>
      </page>
    </page>
  </modules>
  <masters/>
  <images>
    <image key="8FACD1A6DD0E0A1D0F90FF61845F4023.svg"/>
    <image key="E81ED979293FF1C7F35153E7BDA571B8.svg"/>
    <image key="154439F4F2F32A80350431C195202500.png"/>
    <image key="E00E4E10AC9D6D430F609F540052F26D.png"/>
    <image key="5ECA9FF41A506EC58D63CE83BAF05B5A.png"/>
    <image key="2FC062F036D56DE294BAD52C70959E45.png"/>
    <image key="D374F3C2FF1B1ADA78B7390FEDBB6788.png"/>
    <image key="C40241731F071BB92A213F07543AF132.png"/>
    <image key="8DE80182EB372332B01616F13655A17E.png"/>
    <image key="0AEA60E29106D836834E26793A2C83E9.png"/>
    <image key="6D54356D025E8C481055239C54E98BBE.png"/>
    <image key="D9595E114868868960E8B131ED99096F.png"/>
    <image key="F4944A258A2A08114FB7D2C08A9C15FA.png"/>
    <image key="195DF8B34A582E98825B50ACB470BA1D.png"/>
    <image key="465DB1E3812808999ADC7E43E7A199D8.png"/>
    <image key="261F20541BA8B2BF65ECB00D7DFE2984.png"/>
    <image key="B561947E168C6022B7DC4217C21BA5DA.png"/>
    <image key="7FE69FE4E81290099982DE1A732CC6D8.png"/>
    <image key="0F4F47A7BF8D77275C09D7FC21511087.png"/>
    <image key="2DFF81B6EDDA6AA0EB656C6E37FE03F8.png"/>
    <image key="00BB2937D946F69E2B7905110DBA4FD4.png"/>
    <image key="7F5A211A861D1C9D422FDDF0D1B683A0.png"/>
    <image key="A4C35FA23C1558810ED73C0EF119A00B.png"/>
    <image key="8DAA0B8D8A482E67965872B36B4B87A2.png"/>
    <image key="6C9C063EB6EB64A85801D5DE94C8BA39.png"/>
    <image key="B5040038E842D3E365EECBE914DC2003.png"/>
    <image key="4AA7BBD4B3F17D3D28F28A7DCA34F457.png"/>
    <image key="D7D3FBF745CC622B4CD8C8272049525C.png"/>
    <image key="51B0417351D2B9CC28A17277CE16939E.png"/>
    <image key="77E09AC38E8923235C60D6E98B3BE1CC.png"/>
    <image key="4B6ABAF10F3627CFADAE67A5BF8A3066.png"/>
    <image key="713DE7703ADF28B008734063053FDAA6.png"/>
    <image key="D95E480717200F895E41DB6E5B869596.svg"/>
    <image key="31E3EB65C3DCA8C0BF14B300E802C3B1.png"/>
    <image key="21C2A3205409B208586D1AC2A579F68B.png"/>
    <image key="D756FD203703C3226677149A0C5667F3.png"/>
    <image key="71F4397FE33E504BC993BAB3F7427BC7.png"/>
    <image key="7B3DDD85AA86BCB313632AA74DB50ACC.png"/>
    <image key="17FFBB34F6863578C142C7DA39C76144.png"/>
    <image key="703260FEB420C501D5A54171294B6C92.png"/>
    <image key="19ECBC49A8EDA7AD902E2257FF768D9F.png"/>
    <image key="77AA0B2166C0AD15300ECEAD5F12EDA3.png"/>
    <image key="8ABE440DEB84C458041A331FB2D75324.png"/>
    <image key="9AD7128DD14E26393C8E8D56C9838A3E.png"/>
    <image key="03AC4C068BAF1E0560BFB1DCB0F50CF6.png"/>
    <image key="9B439A11723B8DB9F6890D15C90CAAA8.png"/>
    <image key="9CFCAE0A9E206B89E6C23139B251B56B.png"/>
    <image key="E375E98779F653160EB3A1EEC1F19653.png"/>
    <image key="B2244B4211D68C53945A20A6378D00DF.png"/>
    <image key="5DF30D53E92E08307042093DE14B366D.png"/>
  </images>
  <others>
    <favoriteColors/>
  </others>
</project>