﻿<mockup version="4.2" platform="MtMobile" defaultW="360" defaultH="640" from="FmLocal" screenOrientation="MoPortrait" mobileScreenScale="1.77777779102325" minAllowVersion="4.1" ID="32C156B0-B1FF-4216-9886-5D5BB846BEAB" measureW="360" measureH="640">
  <controls controlCount="40">
    <control controlID="AA7B4125-5B96-4307-B9C7-53C5A26F0CB8" controlTypeID="Shape" isShow="True" caption="%E5%BD%A2%E7%8A%B6" x="0" y="0" w="360" h="49" measuredW="120" measuredH="100" zOrder="0" locked="False" sizeLocked="False">
      <controlProperties>
        <basic color="4294901760" borderVisible="True" borderColor="4284900966" isAutoSize="False" status="MsEnabled" opacity="1" isCommentCom="False" canMove="True" alias="" rotation="0"/>
        <states/>
        <verticalScrollbarShow>False</verticalScrollbarShow>
        <verticalScrollbarProgress>0</verticalScrollbarProgress>
        <horizontalScrollbarShow>False</horizontalScrollbarShow>
        <horizontalScrollbarProgress>0</horizontalScrollbarProgress>
        <links eventType="AtClick" animate="AmNone" animateAutoDelay="0" animateDuration="500">
          <link targetPageID="" linkType="ltPageLink" isApplyIncludePage="False" title="%E9%93%BE%E6%8E%A5">
            <area shape="0" alt="" ID="{9C74B11B-6495-4FB2-BFAE-6898141F3B54}" coords="(0,0,360,49)"/>
          </link>
        </links>
        <interactiveData>
          <entry title="">
            <area shape="0" alt="" ID="{06EA3D95-D0D0-4A4F-8DF8-E4C1DB5D1CAF}" coords="(0,0,360,49)"/>
            <events title=""/>
          </entry>
        </interactiveData>
        <textSet textColor="4294967295" textSize="18" textFontFamily="%E5%BE%AE%E8%BD%AF%E9%9B%85%E9%BB%91" lineSpacingMultiple="1" textAlign="HaCenter" textVAlign="VaMiddle" textWordWrap="True" lineSpacing="24" textStyles="[]" useDefaultTextSize="False">
          <text>%E4%BA%BF%E4%B8%83%E5%85%AC%E7%9B%8A</text>
        </textSet>
        <selectedIndex>-1</selectedIndex>
        <selectedColor>4282501083</selectedColor>
        <textPadding>0</textPadding>
        <shapeBorderType>SbRectangle</shapeBorderType>
        <triangleType>TdZero</triangleType>
        <dashMode>SdSolid</dashMode>
        <rectangleBorderLeftVisible>True</rectangleBorderLeftVisible>
        <rectangleBorderRightVisible>True</rectangleBorderRightVisible>
        <rectangleBorderTopVisible>True</rectangleBorderTopVisible>
        <rectangleBorderBottomVisible>True</rectangleBorderBottomVisible>
        <radius>0</radius>
        <radiusIsPercent>False</radiusIsPercent>
        <thickness>1</thickness>
      </controlProperties>
    </control>
    <control controlID="FB3659EB-CFD8-4C6A-811B-C7474C1439C1" controlTypeID="ImageCarousel" isShow="True" caption="%E5%9B%BE%E7%89%87%E8%BD%AE%E6%92%AD" x="0" y="49" w="360" h="175" measuredW="0" measuredH="0" zOrder="1" locked="False" sizeLocked="False">
      <controlProperties>
        <basic color="16777215" borderVisible="False" borderColor="4284900966" isAutoSize="False" status="MsEnabled" opacity="1" isCommentCom="False" canMove="True" alias="" rotation="0"/>
        <states/>
        <verticalScrollbarShow>False</verticalScrollbarShow>
        <verticalScrollbarProgress>0</verticalScrollbarProgress>
        <horizontalScrollbarShow>False</horizontalScrollbarShow>
        <horizontalScrollbarProgress>0</horizontalScrollbarProgress>
        <links eventType="AtClick" animate="AmNone" animateAutoDelay="0" animateDuration="500">
          <link targetPageID="" linkType="ltPageLink" isApplyIncludePage="False" title="%E9%93%BE%E6%8E%A5">
            <area shape="0" alt="" ID="{C5B28DBC-94AE-4C59-8A7D-50306C9B69BB}" coords="(0,0,360,175)"/>
          </link>
        </links>
        <interactiveData>
          <entry title="">
            <area shape="0" alt="" ID="{E4878AFD-4FF7-4D26-80D4-E28161072FA0}" coords="(0,0,360,175)"/>
            <events title=""/>
          </entry>
        </interactiveData>
        <groupChildrenDescriptors>
          <control controlID="8F60CA35-1339-405B-99D7-ABEEE4B50B44" controlTypeID="ImageBackground" isShow="True" caption="g1" x="0" y="0" w="360" h="175" measuredW="0" measuredH="0" zOrder="0" locked="False" sizeLocked="False">
            <controlProperties>
              <basic color="0" borderVisible="False" borderColor="4284900966" isAutoSize="False" status="MsEnabled" opacity="1" isCommentCom="False" canMove="False" alias="" rotation="0"/>
              <states/>
              <verticalScrollbarShow>False</verticalScrollbarShow>
              <verticalScrollbarProgress>0</verticalScrollbarProgress>
              <horizontalScrollbarShow>False</horizontalScrollbarShow>
              <horizontalScrollbarProgress>0</horizontalScrollbarProgress>
              <links eventType="AtClick" animate="AmNone" animateAutoDelay="0" animateDuration="500">
                <link targetPageID="" linkType="ltPageLink" isApplyIncludePage="False" title="%E9%93%BE%E6%8E%A5">
                  <area shape="0" alt="" ID="{37AB30B4-5EFE-4582-99E7-1BD687B783DD}" coords="(0,0,360,152)"/>
                </link>
              </links>
              <interactiveData>
                <entry title="">
                  <area shape="0" alt="" ID="{2CB7227F-E430-46B7-A252-6B7DC75A9521}" coords="(0,0,360,152)"/>
                  <events title=""/>
                </entry>
              </interactiveData>
              <groupChildrenDescriptors/>
              <URL>261F20541BA8B2BF65ECB00D7DFE2984.png</URL>
            </controlProperties>
          </control>
          <control controlID="8FCE1225-C8A3-40B4-BA23-3E8F88402355" controlTypeID="ImageBackground" isShow="True" caption="g2" x="0" y="0" w="360" h="175" measuredW="0" measuredH="0" zOrder="1" locked="False" sizeLocked="False">
            <controlProperties>
              <basic color="0" borderVisible="False" borderColor="4284900966" isAutoSize="False" status="MsEnabled" opacity="1" isCommentCom="False" canMove="False" alias="" rotation="0"/>
              <states/>
              <verticalScrollbarShow>False</verticalScrollbarShow>
              <verticalScrollbarProgress>0</verticalScrollbarProgress>
              <horizontalScrollbarShow>False</horizontalScrollbarShow>
              <horizontalScrollbarProgress>0</horizontalScrollbarProgress>
              <links eventType="AtClick" animate="AmNone" animateAutoDelay="0" animateDuration="500">
                <link targetPageID="" linkType="ltPageLink" isApplyIncludePage="False" title="%E9%93%BE%E6%8E%A5">
                  <area shape="0" alt="" ID="{475AFEBC-34A7-471D-A71C-BEA274A1CE75}" coords="(0,0,360,175)"/>
                </link>
              </links>
              <interactiveData>
                <entry title="">
                  <area shape="0" alt="" ID="{FD0D5B18-1338-42EA-81DB-B708BA324A8C}" coords="(0,0,360,175)"/>
                  <events title=""/>
                </entry>
              </interactiveData>
              <groupChildrenDescriptors/>
              <URL>B561947E168C6022B7DC4217C21BA5DA.png</URL>
            </controlProperties>
          </control>
        </groupChildrenDescriptors>
        <selectedIndex>1</selectedIndex>
        <aniType>spaNone</aniType>
        <playInterval>6000</playInterval>
        <isAutoPlay>True</isAutoPlay>
        <indicatorDirection>sidBottom</indicatorDirection>
        <indicatorType>SiCircle</indicatorType>
        <indicatorColor>4294967295</indicatorColor>
        <isShowIndicator>True</isShowIndicator>
        <fitMode>fmAutoFit</fitMode>
      </controlProperties>
    </control>
    <control controlID="FAEFFAF3-FF3C-4B78-AE81-CD0BF22080F8" controlTypeID="Shape" isShow="True" caption="%E5%BD%A2%E7%8A%B6" x="0" y="224" w="360" h="49" measuredW="120" measuredH="100" zOrder="2" locked="False" sizeLocked="False">
      <controlProperties>
        <basic color="4294967295" borderVisible="True" borderColor="4284900966" isAutoSize="False" status="MsEnabled" opacity="1" isCommentCom="False" canMove="True" alias="" rotation="0"/>
        <states/>
        <verticalScrollbarShow>False</verticalScrollbarShow>
        <verticalScrollbarProgress>0</verticalScrollbarProgress>
        <horizontalScrollbarShow>False</horizontalScrollbarShow>
        <horizontalScrollbarProgress>0</horizontalScrollbarProgress>
        <links eventType="AtClick" animate="AmNone" animateAutoDelay="0" animateDuration="500">
          <link targetPageID="" linkType="ltPageLink" isApplyIncludePage="False" title="%E9%93%BE%E6%8E%A5">
            <area shape="0" alt="" ID="{A0EE3DD3-E4D4-44B5-AF35-E9ADF0026C2F}" coords="(0,0,360,49)"/>
          </link>
        </links>
        <interactiveData>
          <entry title="">
            <area shape="0" alt="" ID="{44EF126B-D22B-48A8-B654-BD17B1BEF101}" coords="(0,0,360,49)"/>
            <events title=""/>
          </entry>
        </interactiveData>
        <textSet textColor="4278190080" textSize="12" textFontFamily="%E5%BE%AE%E8%BD%AF%E9%9B%85%E9%BB%91" lineSpacingMultiple="1" textAlign="HaLeft" textVAlign="VaMiddle" textWordWrap="True" lineSpacing="16" textStyles="[]" useDefaultTextSize="True"/>
        <selectedIndex>-1</selectedIndex>
        <selectedColor>4282501083</selectedColor>
        <textPadding>0</textPadding>
        <shapeBorderType>SbRectangle</shapeBorderType>
        <triangleType>TdZero</triangleType>
        <dashMode>SdSolid</dashMode>
        <rectangleBorderLeftVisible>True</rectangleBorderLeftVisible>
        <rectangleBorderRightVisible>True</rectangleBorderRightVisible>
        <rectangleBorderTopVisible>True</rectangleBorderTopVisible>
        <rectangleBorderBottomVisible>True</rectangleBorderBottomVisible>
        <radius>0</radius>
        <radiusIsPercent>False</radiusIsPercent>
        <thickness>1</thickness>
      </controlProperties>
    </control>
    <control controlID="B35A6F48-7C0B-4826-AEA8-D7E367B7133F" controlTypeID="Image" isShow="True" caption="%E5%9B%BE%E7%89%87" x="10" y="229" w="41" h="38" measuredW="150" measuredH="150" zOrder="3" locked="False" sizeLocked="False">
      <controlProperties>
        <basic color="4294967295" borderVisible="False" borderColor="4284900966" isAutoSize="False" status="MsEnabled" opacity="1" isCommentCom="False" canMove="True" alias="" rotation="0"/>
        <states/>
        <verticalScrollbarShow>False</verticalScrollbarShow>
        <verticalScrollbarProgress>0</verticalScrollbarProgress>
        <horizontalScrollbarShow>False</horizontalScrollbarShow>
        <horizontalScrollbarProgress>0</horizontalScrollbarProgress>
        <links eventType="AtClick" animate="AmNone" animateAutoDelay="0" animateDuration="500">
          <link targetPageID="" linkType="ltPageLink" isApplyIncludePage="False" title="%E9%93%BE%E6%8E%A5">
            <area shape="0" alt="" ID="{69FFA826-17EC-42A2-9FF7-A22CE5504429}" coords="(0,0,41,38)"/>
          </link>
        </links>
        <interactiveData>
          <entry title="">
            <area shape="0" alt="" ID="{2D0DA0BD-1D58-47A1-8B3C-6C6938CC090F}" coords="(0,0,41,38)"/>
            <events title=""/>
          </entry>
        </interactiveData>
        <rotationAngle>TdZero</rotationAngle>
        <clipShapeType>SbRectangle</clipShapeType>
        <radius>0</radius>
        <radiusIsPercent>False</radiusIsPercent>
        <filterType>MfNone</filterType>
        <filterPencilValue>2</filterPencilValue>
        <filterSketchValue>5</filterSketchValue>
        <URL>7FE69FE4E81290099982DE1A732CC6D8.png</URL>
        <FlipHorizontal>False</FlipHorizontal>
        <FlipVertical>False</FlipVertical>
        <fitMode>2</fitMode>
      </controlProperties>
    </control>
    <control controlID="067A4D68-D34E-42C3-A4E2-33576FAEE386" controlTypeID="Line" isShow="True" caption="%E7%BA%BF%E6%AE%B5" x="179" y="236" w="1" h="30" measuredW="120" measuredH="120" zOrder="4" locked="False" sizeLocked="False">
      <controlProperties>
        <basic color="4284900966" borderVisible="True" borderColor="4284900966" isAutoSize="False" status="MsEnabled" opacity="1" isCommentCom="False" canMove="True" alias="" rotation="0"/>
        <states/>
        <verticalScrollbarShow>False</verticalScrollbarShow>
        <verticalScrollbarProgress>0</verticalScrollbarProgress>
        <horizontalScrollbarShow>False</horizontalScrollbarShow>
        <horizontalScrollbarProgress>0</horizontalScrollbarProgress>
        <links eventType="AtClick" animate="AmNone" animateAutoDelay="0" animateDuration="500">
          <link targetPageID="" linkType="ltPageLink" isApplyIncludePage="False" title="%E9%93%BE%E6%8E%A5">
            <area shape="0" alt="" ID="{4128B23B-60A9-4CE5-AA46-2DA9C27EDE6F}" coords="(0,0,1,29.5)"/>
          </link>
        </links>
        <interactiveData>
          <entry title="">
            <area shape="0" alt="" ID="{BC8DD29E-18F3-4B56-84FD-229DDE459509}" coords="(0,0,1,29.5)"/>
            <events title=""/>
          </entry>
        </interactiveData>
        <textSet textColor="4278190080" textSize="12" textFontFamily="%E5%BE%AE%E8%BD%AF%E9%9B%85%E9%BB%91" lineSpacingMultiple="1" textAlign="HaCenter" textVAlign="VaTop" textWordWrap="True" lineSpacing="16" textStyles="[]" useDefaultTextSize="True"/>
        <selectedIndex>-1</selectedIndex>
        <selectedColor>4282501083</selectedColor>
        <textPadding>0</textPadding>
        <controlPoint>(0,14.5)</controlPoint>
        <startPoint>(0,29)</startPoint>
        <endPoint>(0,0)</endPoint>
        <thickness>1</thickness>
        <dashMode>SdSolid</dashMode>
        <textBackgroundColor>4294967295</textBackgroundColor>
        <textBorderColor>4284900966</textBorderColor>
        <showStartArrow>0</showStartArrow>
        <showEndArrow>0</showEndArrow>
        <isCurved>True</isCurved>
        <isTextPosCenter>True</isTextPosCenter>
      </controlProperties>
    </control>
    <control controlID="35CB2DF9-4B3A-4BE1-BF17-63A76D45D9D5" controlTypeID="Image" isShow="True" caption="%E5%9B%BE%E7%89%87" x="206" y="230" w="42" h="36" measuredW="150" measuredH="150" zOrder="5" locked="False" sizeLocked="False">
      <controlProperties>
        <basic color="4294967295" borderVisible="False" borderColor="4284900966" isAutoSize="False" status="MsEnabled" opacity="1" isCommentCom="False" canMove="True" alias="" rotation="0"/>
        <states/>
        <verticalScrollbarShow>False</verticalScrollbarShow>
        <verticalScrollbarProgress>0</verticalScrollbarProgress>
        <horizontalScrollbarShow>False</horizontalScrollbarShow>
        <horizontalScrollbarProgress>0</horizontalScrollbarProgress>
        <links eventType="AtClick" animate="AmNone" animateAutoDelay="0" animateDuration="500">
          <link targetPageID="" linkType="ltPageLink" isApplyIncludePage="False" title="%E9%93%BE%E6%8E%A5">
            <area shape="0" alt="" ID="{37840B08-FF4B-4921-9126-D33E6BE87EB2}" coords="(0,0,42,36)"/>
          </link>
        </links>
        <interactiveData>
          <entry title="">
            <area shape="0" alt="" ID="{81B0614E-68F5-4F8B-B9E9-366FECA3D8C5}" coords="(0,0,42,36)"/>
            <events title=""/>
          </entry>
        </interactiveData>
        <rotationAngle>TdZero</rotationAngle>
        <clipShapeType>SbRectangle</clipShapeType>
        <radius>0</radius>
        <radiusIsPercent>False</radiusIsPercent>
        <filterType>MfNone</filterType>
        <filterPencilValue>2</filterPencilValue>
        <filterSketchValue>5</filterSketchValue>
        <URL>0F4F47A7BF8D77275C09D7FC21511087.png</URL>
        <FlipHorizontal>False</FlipHorizontal>
        <FlipVertical>False</FlipVertical>
        <fitMode>2</fitMode>
      </controlProperties>
    </control>
    <control controlID="96E91919-DA76-41E7-B974-6CD704A1ABB7" controlTypeID="Label" isShow="True" caption="%E5%8D%95%E8%A1%8C%E6%96%87%E5%AD%97" x="52" y="237" w="64" h="22" measuredW="0" measuredH="0" zOrder="6" locked="False" sizeLocked="False">
      <controlProperties>
        <basic color="0" borderVisible="True" borderColor="4284900966" isAutoSize="True" status="MsEnabled" opacity="1" isCommentCom="False" canMove="True" alias="" rotation="0"/>
        <states/>
        <verticalScrollbarShow>False</verticalScrollbarShow>
        <verticalScrollbarProgress>0</verticalScrollbarProgress>
        <horizontalScrollbarShow>False</horizontalScrollbarShow>
        <horizontalScrollbarProgress>0</horizontalScrollbarProgress>
        <links eventType="AtClick" animate="AmNone" animateAutoDelay="0" animateDuration="500">
          <link targetPageID="E333BE5F-A51E-406A-81E2-136A2E34F280" linkType="ltPageLink" isApplyIncludePage="False" title="%E6%8D%90%E8%B5%A0%E8%AE%B0%E5%BD%95">
            <area shape="0" alt="" ID="{150EAE68-3593-44B0-AAAC-CD70D2984457}" coords="(0,0,64,22)"/>
          </link>
        </links>
        <interactiveData>
          <entry title="">
            <area shape="0" alt="" ID="{01924727-B64B-4618-8870-DB5754486FC3}" coords="(0,0,64,22)"/>
            <events title=""/>
          </entry>
        </interactiveData>
        <textSet textColor="4284900966" textSize="16" textFontFamily="%E5%BE%AE%E8%BD%AF%E9%9B%85%E9%BB%91" lineSpacingMultiple="1" textAlign="HaLeft" textVAlign="VaTop" textWordWrap="True" lineSpacing="21" textStyles="[]" useDefaultTextSize="False">
          <text>%E6%8D%90%E8%B5%A0%E8%AE%B0%E5%BD%95</text>
        </textSet>
        <selectedIndex>-1</selectedIndex>
        <selectedColor>4282501083</selectedColor>
        <textPadding>0</textPadding>
      </controlProperties>
    </control>
    <control controlID="C80CECC7-6D36-4DF1-B2BC-48685A1DE08B" controlTypeID="Label" isShow="True" caption="%E5%8D%95%E8%A1%8C%E6%96%87%E5%AD%97" x="254" y="240" w="64" h="22" measuredW="0" measuredH="0" zOrder="7" locked="False" sizeLocked="False">
      <controlProperties>
        <basic color="0" borderVisible="True" borderColor="4284900966" isAutoSize="True" status="MsEnabled" opacity="1" isCommentCom="False" canMove="True" alias="" rotation="0"/>
        <states/>
        <verticalScrollbarShow>False</verticalScrollbarShow>
        <verticalScrollbarProgress>0</verticalScrollbarProgress>
        <horizontalScrollbarShow>False</horizontalScrollbarShow>
        <horizontalScrollbarProgress>0</horizontalScrollbarProgress>
        <links eventType="AtClick" animate="AmNone" animateAutoDelay="0" animateDuration="500">
          <link targetPageID="D15BD40D-F839-48C2-ABBB-F261AC22F059" linkType="ltPageLink" isApplyIncludePage="False" title="%E5%8F%8D%E9%A6%88%E4%BF%A1%E6%81%AF">
            <area shape="0" alt="" ID="{21103765-9E93-4042-B677-A87DDA3006CB}" coords="(0,0,64,22)"/>
          </link>
        </links>
        <interactiveData>
          <entry title="">
            <area shape="0" alt="" ID="{9C552591-62D7-44FD-82C8-3E5A989F6E29}" coords="(0,0,64,22)"/>
            <events title=""/>
          </entry>
        </interactiveData>
        <textSet textColor="4281545523" textSize="16" textFontFamily="%E5%BE%AE%E8%BD%AF%E9%9B%85%E9%BB%91" lineSpacingMultiple="1" textAlign="HaLeft" textVAlign="VaTop" textWordWrap="True" lineSpacing="21" textStyles="[]" useDefaultTextSize="False">
          <text>%E6%8D%90%E8%B5%A0%E5%8F%8D%E9%A6%88</text>
        </textSet>
        <selectedIndex>-1</selectedIndex>
        <selectedColor>4282501083</selectedColor>
        <textPadding>0</textPadding>
      </controlProperties>
    </control>
    <control controlID="9A67CF3F-0050-404D-835E-A73B1CC9AAA4" controlTypeID="Label" isShow="True" caption="%E5%8D%95%E8%A1%8C%E6%96%87%E5%AD%97" x="3" y="277" w="47" h="16" measuredW="0" measuredH="0" zOrder="8" locked="False" sizeLocked="False">
      <controlProperties>
        <basic color="0" borderVisible="True" borderColor="4284900966" isAutoSize="True" status="MsEnabled" opacity="1" isCommentCom="False" canMove="True" alias="" rotation="0"/>
        <states/>
        <verticalScrollbarShow>False</verticalScrollbarShow>
        <verticalScrollbarProgress>0</verticalScrollbarProgress>
        <horizontalScrollbarShow>False</horizontalScrollbarShow>
        <horizontalScrollbarProgress>0</horizontalScrollbarProgress>
        <links eventType="AtClick" animate="AmNone" animateAutoDelay="0" animateDuration="500">
          <link targetPageID="" linkType="ltPageLink" isApplyIncludePage="False" title="%E9%93%BE%E6%8E%A5">
            <area shape="0" alt="" ID="{CF729EFE-69D1-46B0-BE22-421EDD21E03D}" coords="(0,0,47,16)"/>
          </link>
        </links>
        <interactiveData>
          <entry title="">
            <area shape="0" alt="" ID="{1A0787CA-3D87-49EA-990B-C449E93F2483}" coords="(0,0,47,16)"/>
            <events title=""/>
          </entry>
        </interactiveData>
        <textSet textColor="4278190080" textSize="12" textFontFamily="%E5%BE%AE%E8%BD%AF%E9%9B%85%E9%BB%91" lineSpacingMultiple="1" textAlign="HaLeft" textVAlign="VaTop" textWordWrap="True" lineSpacing="16" textStyles="[]" useDefaultTextSize="False">
          <text>%E5%85%AC%E7%9B%8A%E9%A1%B9%E7%9B%AE</text>
        </textSet>
        <selectedIndex>-1</selectedIndex>
        <selectedColor>4282501083</selectedColor>
        <textPadding>0</textPadding>
      </controlProperties>
    </control>
    <control controlID="8609C401-BDA3-4192-BF14-D58D7CD5E211" controlTypeID="Shape" isShow="True" caption="%E5%BD%A2%E7%8A%B6" x="0" y="293" w="360" h="107" measuredW="120" measuredH="100" zOrder="9" locked="False" sizeLocked="False">
      <controlProperties>
        <basic color="4294967295" borderVisible="True" borderColor="4284900966" isAutoSize="False" status="MsEnabled" opacity="1" isCommentCom="False" canMove="True" alias="" rotation="0"/>
        <states/>
        <verticalScrollbarShow>False</verticalScrollbarShow>
        <verticalScrollbarProgress>0</verticalScrollbarProgress>
        <horizontalScrollbarShow>False</horizontalScrollbarShow>
        <horizontalScrollbarProgress>0</horizontalScrollbarProgress>
        <links eventType="AtClick" animate="AmNone" animateAutoDelay="0" animateDuration="500">
          <link targetPageID="" linkType="ltPageLink" isApplyIncludePage="False" title="%E9%93%BE%E6%8E%A5">
            <area shape="0" alt="" ID="{249A7002-3D91-47D1-B478-A1CD60391150}" coords="(0,0,360,107)"/>
          </link>
        </links>
        <interactiveData>
          <entry title="">
            <area shape="0" alt="" ID="{501E9165-CAC5-4C37-8E09-E66EA9D94005}" coords="(0,0,360,107)"/>
            <events title=""/>
          </entry>
        </interactiveData>
        <textSet textColor="4278190080" textSize="12" textFontFamily="%E5%BE%AE%E8%BD%AF%E9%9B%85%E9%BB%91" lineSpacingMultiple="1" textAlign="HaCenter" textVAlign="VaMiddle" textWordWrap="True" lineSpacing="16" textStyles="[]" useDefaultTextSize="True"/>
        <selectedIndex>-1</selectedIndex>
        <selectedColor>4282501083</selectedColor>
        <textPadding>0</textPadding>
        <shapeBorderType>SbRectangle</shapeBorderType>
        <triangleType>TdZero</triangleType>
        <dashMode>SdSolid</dashMode>
        <rectangleBorderLeftVisible>True</rectangleBorderLeftVisible>
        <rectangleBorderRightVisible>True</rectangleBorderRightVisible>
        <rectangleBorderTopVisible>True</rectangleBorderTopVisible>
        <rectangleBorderBottomVisible>True</rectangleBorderBottomVisible>
        <radius>0</radius>
        <radiusIsPercent>False</radiusIsPercent>
        <thickness>1</thickness>
      </controlProperties>
    </control>
    <control controlID="E4BCD0B3-D5A1-4798-813E-B2B501632091" controlTypeID="Image" isShow="True" caption="%E5%9B%BE%E7%89%87" x="10" y="303" w="87" h="82" measuredW="150" measuredH="150" zOrder="10" locked="False" sizeLocked="False">
      <controlProperties>
        <basic color="4294967295" borderVisible="False" borderColor="4284900966" isAutoSize="False" status="MsEnabled" opacity="1" isCommentCom="False" canMove="True" alias="" rotation="0"/>
        <states/>
        <verticalScrollbarShow>False</verticalScrollbarShow>
        <verticalScrollbarProgress>0</verticalScrollbarProgress>
        <horizontalScrollbarShow>False</horizontalScrollbarShow>
        <horizontalScrollbarProgress>0</horizontalScrollbarProgress>
        <links eventType="AtClick" animate="AmNone" animateAutoDelay="0" animateDuration="500">
          <link targetPageID="" linkType="ltPageLink" isApplyIncludePage="False" title="%E9%93%BE%E6%8E%A5">
            <area shape="0" alt="" ID="{336D41EB-E7E3-4A84-AFCA-F4568442FE93}" coords="(0,0,87,82)"/>
          </link>
        </links>
        <interactiveData>
          <entry title="">
            <area shape="0" alt="" ID="{452A9964-B1E0-4039-84FD-FF72F28269AD}" coords="(0,0,87,82)"/>
            <events title=""/>
          </entry>
        </interactiveData>
        <rotationAngle>TdZero</rotationAngle>
        <clipShapeType>SbRectangle</clipShapeType>
        <radius>0</radius>
        <radiusIsPercent>False</radiusIsPercent>
        <filterType>MfNone</filterType>
        <filterPencilValue>2</filterPencilValue>
        <filterSketchValue>5</filterSketchValue>
        <URL>2DFF81B6EDDA6AA0EB656C6E37FE03F8.png</URL>
        <FlipHorizontal>False</FlipHorizontal>
        <FlipVertical>False</FlipVertical>
        <fitMode>2</fitMode>
      </controlProperties>
    </control>
    <control controlID="BC3D0302-9525-42BF-9BCB-C91A73291FBE" controlTypeID="TextArea" isShow="True" caption="%E5%A4%9A%E8%A1%8C%E6%96%87%E5%AD%97" x="116" y="298" w="224" h="68" measuredW="0" measuredH="126" zOrder="11" locked="False" sizeLocked="False">
      <controlProperties>
        <basic color="16777215" borderVisible="False" borderColor="4284900966" isAutoSize="False" status="MsEnabled" opacity="1" isCommentCom="False" canMove="True" alias="" rotation="0"/>
        <states/>
        <verticalScrollbarShow>False</verticalScrollbarShow>
        <verticalScrollbarProgress>0</verticalScrollbarProgress>
        <horizontalScrollbarShow>False</horizontalScrollbarShow>
        <horizontalScrollbarProgress>0</horizontalScrollbarProgress>
        <links eventType="AtClick" animate="AmNone" animateAutoDelay="0" animateDuration="500">
          <link targetPageID="" linkType="ltPageLink" isApplyIncludePage="False" title="%E9%93%BE%E6%8E%A5">
            <area shape="0" alt="" ID="{17DCD8AB-EFFB-41B1-8E0A-84EF2E233162}" coords="(0,0,224,68)"/>
          </link>
        </links>
        <interactiveData>
          <entry title="">
            <area shape="0" alt="" ID="{7C0D90D4-0B7C-4FF5-B2E2-E344D3F8EB03}" coords="(0,0,224,68)"/>
            <events title=""/>
          </entry>
        </interactiveData>
        <textSet textColor="4281545523" textSize="12" textFontFamily="%E5%BE%AE%E8%BD%AF%E9%9B%85%E9%BB%91" lineSpacingMultiple="1" textAlign="HaLeft" textVAlign="VaTop" textWordWrap="True" lineSpacing="16" textStyles="[]" useDefaultTextSize="True">
          <text>%E5%8A%A9%E5%8A%9B%E9%98%B2%E6%8B%90%EF%BC%8C6%E5%9D%97%E9%92%B1%E8%AE%A4%E9%A2%86%E9%98%B2%E6%8B%90%E5%AE%A3%E4%BC%A0%E7%BB%98%E6%9C%AC%0D%0A++++%E5%B9%B6%E4%BA%8E2013%E5%B9%B4%EF%BC%8C%E8%81%94%E5%90%88%E5%8F%8D%E6%8B%90%E3%80%81%E9%98%B2%E6%8B%90%E3%80%81%E5%AF%BB%E5%AD%90%E5%AF%BB%E4%BA%B2%E9%A2%86%E5%9F%9F%E7%9A%84%E5%A4%9A%E5%AE%B6%E6%9C%BA%E6%9E%84%EF%BC%8C%E5%85%B1%E5%90%8C%E5%8F%91%E8%B5%B7%E2%80%9C%E5%9B%9E%E5%AE%B6%E7%9A%84%E5%B8%8C%E6%9C%9B%E2%80%9D%E5%85%AC%E7%9B%8A%E8%81%94%E7%9B%9F............</text>
        </textSet>
        <selectedIndex>-1</selectedIndex>
        <selectedColor>4282501083</selectedColor>
        <textPadding>0</textPadding>
      </controlProperties>
    </control>
    <control controlID="869B35F8-94FA-4CAB-A2E3-661747A5C875" controlTypeID="Line" isShow="True" caption="%E7%BA%BF%E6%AE%B5" x="115" y="368" w="82" h="5" measuredW="120" measuredH="120" zOrder="12" locked="False" sizeLocked="False">
      <controlProperties>
        <basic color="4294927872" borderVisible="True" borderColor="4284900966" isAutoSize="False" status="MsEnabled" opacity="1" isCommentCom="False" canMove="True" alias="" rotation="0"/>
        <states/>
        <verticalScrollbarShow>False</verticalScrollbarShow>
        <verticalScrollbarProgress>0</verticalScrollbarProgress>
        <horizontalScrollbarShow>False</horizontalScrollbarShow>
        <horizontalScrollbarProgress>0</horizontalScrollbarProgress>
        <links eventType="AtClick" animate="AmNone" animateAutoDelay="0" animateDuration="500">
          <link targetPageID="" linkType="ltPageLink" isApplyIncludePage="False" title="%E9%93%BE%E6%8E%A5">
            <area shape="0" alt="" ID="{6C109B52-87DD-4963-A9FF-E0BDC2D61387}" coords="(0,0,82.2399368286133,5)"/>
          </link>
        </links>
        <interactiveData>
          <entry title="">
            <area shape="0" alt="" ID="{5B47CDA9-F580-43C0-8EBE-2999736BF864}" coords="(0,0,82.2399368286133,5)"/>
            <events title=""/>
          </entry>
        </interactiveData>
        <textSet textColor="4284900966" textSize="12" textFontFamily="%E5%BE%AE%E8%BD%AF%E9%9B%85%E9%BB%91" lineSpacingMultiple="1" textAlign="HaCenter" textVAlign="VaTop" textWordWrap="True" lineSpacing="16" textStyles="[]" useDefaultTextSize="True"/>
        <selectedIndex>-1</selectedIndex>
        <selectedColor>4282501083</selectedColor>
        <textPadding>0</textPadding>
        <controlPoint>(41,2)</controlPoint>
        <startPoint>(2,2)</startPoint>
        <endPoint>(80,2)</endPoint>
        <thickness>5</thickness>
        <dashMode>SdSolid</dashMode>
        <textBackgroundColor>4294967295</textBackgroundColor>
        <textBorderColor>4284900966</textBorderColor>
        <showStartArrow>0</showStartArrow>
        <showEndArrow>0</showEndArrow>
        <isCurved>True</isCurved>
        <isTextPosCenter>True</isTextPosCenter>
      </controlProperties>
    </control>
    <control controlID="8962E2CE-249C-420E-82C5-B0CE61568E6A" controlTypeID="Line" isShow="True" caption="%E7%BA%BF%E6%AE%B5" x="194" y="368" w="45" h="5" measuredW="120" measuredH="120" zOrder="13" locked="False" sizeLocked="False">
      <controlProperties>
        <basic color="4291611852" borderVisible="True" borderColor="4284900966" isAutoSize="False" status="MsEnabled" opacity="1" isCommentCom="False" canMove="True" alias="" rotation="0"/>
        <states/>
        <verticalScrollbarShow>False</verticalScrollbarShow>
        <verticalScrollbarProgress>0</verticalScrollbarProgress>
        <horizontalScrollbarShow>False</horizontalScrollbarShow>
        <horizontalScrollbarProgress>0</horizontalScrollbarProgress>
        <links eventType="AtClick" animate="AmNone" animateAutoDelay="0" animateDuration="500">
          <link targetPageID="" linkType="ltPageLink" isApplyIncludePage="False" title="%E9%93%BE%E6%8E%A5">
            <area shape="0" alt="" ID="{6C109B52-87DD-4963-A9FF-E0BDC2D61387}" coords="(0,0,45.3666343688965,5)"/>
          </link>
        </links>
        <interactiveData>
          <entry title="">
            <area shape="0" alt="" ID="{5B47CDA9-F580-43C0-8EBE-2999736BF864}" coords="(0,0,45.3666343688965,5)"/>
            <events title=""/>
          </entry>
        </interactiveData>
        <textSet textColor="4284900966" textSize="12" textFontFamily="%E5%BE%AE%E8%BD%AF%E9%9B%85%E9%BB%91" lineSpacingMultiple="1" textAlign="HaCenter" textVAlign="VaTop" textWordWrap="True" lineSpacing="16" textStyles="[]" useDefaultTextSize="True"/>
        <selectedIndex>-1</selectedIndex>
        <selectedColor>4282501083</selectedColor>
        <textPadding>0</textPadding>
        <controlPoint>(23,2)</controlPoint>
        <startPoint>(3,2)</startPoint>
        <endPoint>(43,2)</endPoint>
        <thickness>5</thickness>
        <dashMode>SdSolid</dashMode>
        <textBackgroundColor>4294967295</textBackgroundColor>
        <textBorderColor>4284900966</textBorderColor>
        <showStartArrow>0</showStartArrow>
        <showEndArrow>0</showEndArrow>
        <isCurved>True</isCurved>
        <isTextPosCenter>True</isTextPosCenter>
      </controlProperties>
    </control>
    <control controlID="9C1CE837-D137-4C9B-9D88-29D0E9CA9380" controlTypeID="Shape" isShow="True" caption="%E5%BD%A2%E7%8A%B6" x="279" y="366" w="71" h="28" measuredW="120" measuredH="100" zOrder="14" locked="False" sizeLocked="False">
      <controlProperties>
        <basic color="4294901760" borderVisible="True" borderColor="4284900966" isAutoSize="False" status="MsEnabled" opacity="1" isCommentCom="False" canMove="True" alias="" rotation="0"/>
        <states/>
        <verticalScrollbarShow>False</verticalScrollbarShow>
        <verticalScrollbarProgress>0</verticalScrollbarProgress>
        <horizontalScrollbarShow>False</horizontalScrollbarShow>
        <horizontalScrollbarProgress>0</horizontalScrollbarProgress>
        <links eventType="AtClick" animate="AmNone" animateAutoDelay="0" animateDuration="500">
          <link targetPageID="" linkType="ltPageLink" isApplyIncludePage="False" title="%E9%93%BE%E6%8E%A5">
            <area shape="0" alt="" ID="{94B6786B-6978-414A-99F2-D11344DA02F4}" coords="(0,0,71,28)"/>
          </link>
        </links>
        <interactiveData>
          <entry title="">
            <area shape="0" alt="" ID="{355CF9ED-24E5-465B-9EAB-2592B83C4131}" coords="(0,0,71,28)"/>
            <events title=""/>
          </entry>
        </interactiveData>
        <textSet textColor="4294967295" textSize="14" textFontFamily="%E5%BE%AE%E8%BD%AF%E9%9B%85%E9%BB%91" lineSpacingMultiple="1" textAlign="HaCenter" textVAlign="VaMiddle" textWordWrap="True" lineSpacing="18" textStyles="[]" useDefaultTextSize="False">
          <text>%E7%AB%8B%E5%8D%B3%E6%8D%90%E8%B5%A0</text>
        </textSet>
        <selectedIndex>-1</selectedIndex>
        <selectedColor>4282501083</selectedColor>
        <textPadding>0</textPadding>
        <shapeBorderType>SbRectangle</shapeBorderType>
        <triangleType>TdZero</triangleType>
        <dashMode>SdSolid</dashMode>
        <rectangleBorderLeftVisible>True</rectangleBorderLeftVisible>
        <rectangleBorderRightVisible>True</rectangleBorderRightVisible>
        <rectangleBorderTopVisible>True</rectangleBorderTopVisible>
        <rectangleBorderBottomVisible>True</rectangleBorderBottomVisible>
        <radius>8</radius>
        <radiusIsPercent>False</radiusIsPercent>
        <thickness>1</thickness>
      </controlProperties>
    </control>
    <control controlID="8DB394AF-5328-45B1-ADA4-A44B20F30C50" controlTypeID="Label" isShow="True" caption="%E5%8D%95%E8%A1%8C%E6%96%87%E5%AD%97" x="243" y="361" w="21" h="14" measuredW="0" measuredH="0" zOrder="15" locked="False" sizeLocked="False">
      <controlProperties>
        <basic color="0" borderVisible="True" borderColor="4284900966" isAutoSize="True" status="MsEnabled" opacity="1" isCommentCom="False" canMove="True" alias="" rotation="0"/>
        <states/>
        <verticalScrollbarShow>False</verticalScrollbarShow>
        <verticalScrollbarProgress>0</verticalScrollbarProgress>
        <horizontalScrollbarShow>False</horizontalScrollbarShow>
        <horizontalScrollbarProgress>0</horizontalScrollbarProgress>
        <links eventType="AtClick" animate="AmNone" animateAutoDelay="0" animateDuration="500">
          <link targetPageID="" linkType="ltPageLink" isApplyIncludePage="False" title="%E9%93%BE%E6%8E%A5">
            <area shape="0" alt="" ID="{3F06A94C-E497-4BF4-A0CB-82D7F0FB9272}" coords="(0,0,21,14)"/>
          </link>
        </links>
        <interactiveData>
          <entry title="">
            <area shape="0" alt="" ID="{66F55EC0-9950-4B53-B81D-63A2938D4DE8}" coords="(0,0,21,14)"/>
            <events title=""/>
          </entry>
        </interactiveData>
        <textSet textColor="4284900966" textSize="10" textFontFamily="%E5%BE%AE%E8%BD%AF%E9%9B%85%E9%BB%91" lineSpacingMultiple="1" textAlign="HaLeft" textVAlign="VaTop" textWordWrap="True" lineSpacing="13" textStyles="[]" useDefaultTextSize="False">
          <text>74%25</text>
        </textSet>
        <selectedIndex>-1</selectedIndex>
        <selectedColor>4282501083</selectedColor>
        <textPadding>0</textPadding>
      </controlProperties>
    </control>
    <control controlID="F8410C5A-E323-4B0A-A07B-130271913F0E" controlTypeID="Label" isShow="True" caption="%E5%8D%95%E8%A1%8C%E6%96%87%E5%AD%97" x="114" y="377" w="70" h="14" measuredW="0" measuredH="0" zOrder="16" locked="False" sizeLocked="False">
      <controlProperties>
        <basic color="0" borderVisible="True" borderColor="4284900966" isAutoSize="True" status="MsEnabled" opacity="1" isCommentCom="False" canMove="True" alias="" rotation="0"/>
        <states/>
        <verticalScrollbarShow>False</verticalScrollbarShow>
        <verticalScrollbarProgress>0</verticalScrollbarProgress>
        <horizontalScrollbarShow>False</horizontalScrollbarShow>
        <horizontalScrollbarProgress>0</horizontalScrollbarProgress>
        <links eventType="AtClick" animate="AmNone" animateAutoDelay="0" animateDuration="500">
          <link targetPageID="" linkType="ltPageLink" isApplyIncludePage="False" title="%E9%93%BE%E6%8E%A5">
            <area shape="0" alt="" ID="{92223C87-E168-4784-A5FD-931525CE1C72}" coords="(0,0,70,14)"/>
          </link>
        </links>
        <interactiveData>
          <entry title="">
            <area shape="0" alt="" ID="{F4F51C0C-F4FE-4E43-880F-9725081BAB2B}" coords="(0,0,70,14)"/>
            <events title=""/>
          </entry>
        </interactiveData>
        <textSet textColor="4284900966" textSize="10" textFontFamily="%E5%BE%AE%E8%BD%AF%E9%9B%85%E9%BB%91" lineSpacingMultiple="1" textAlign="HaLeft" textVAlign="VaTop" textWordWrap="True" lineSpacing="13" textStyles="[]" useDefaultTextSize="False">
          <text>%E5%85%B134903%E4%BB%BD%E7%88%B1%E5%BF%83</text>
        </textSet>
        <selectedIndex>-1</selectedIndex>
        <selectedColor>4282501083</selectedColor>
        <textPadding>0</textPadding>
      </controlProperties>
    </control>
    <control controlID="952D2929-C785-4D5B-A4C0-C75303170183" controlTypeID="Label" isShow="True" caption="%E5%8D%95%E8%A1%8C%E6%96%87%E5%AD%97" x="218" y="377" w="42" h="14" measuredW="0" measuredH="0" zOrder="17" locked="False" sizeLocked="False">
      <controlProperties>
        <basic color="0" borderVisible="True" borderColor="4284900966" isAutoSize="True" status="MsEnabled" opacity="1" isCommentCom="False" canMove="True" alias="" rotation="0"/>
        <states/>
        <verticalScrollbarShow>False</verticalScrollbarShow>
        <verticalScrollbarProgress>0</verticalScrollbarProgress>
        <horizontalScrollbarShow>False</horizontalScrollbarShow>
        <horizontalScrollbarProgress>0</horizontalScrollbarProgress>
        <links eventType="AtClick" animate="AmNone" animateAutoDelay="0" animateDuration="500">
          <link targetPageID="" linkType="ltPageLink" isApplyIncludePage="False" title="%E9%93%BE%E6%8E%A5">
            <area shape="0" alt="" ID="{92223C87-E168-4784-A5FD-931525CE1C72}" coords="(0,0,42,14)"/>
          </link>
        </links>
        <interactiveData>
          <entry title="">
            <area shape="0" alt="" ID="{F4F51C0C-F4FE-4E43-880F-9725081BAB2B}" coords="(0,0,42,14)"/>
            <events title=""/>
          </entry>
        </interactiveData>
        <textSet textColor="4284900966" textSize="10" textFontFamily="%E5%BE%AE%E8%BD%AF%E9%9B%85%E9%BB%91" lineSpacingMultiple="1" textAlign="HaLeft" textVAlign="VaTop" textWordWrap="True" lineSpacing="13" textStyles="[]" useDefaultTextSize="False">
          <text>%E7%9B%AE%E6%A0%8710%E4%B8%87</text>
        </textSet>
        <selectedIndex>-1</selectedIndex>
        <selectedColor>4282501083</selectedColor>
        <textPadding>0</textPadding>
      </controlProperties>
    </control>
    <control controlID="2998EFA5-8BEB-45C8-B894-238956CA48F7" controlTypeID="Shape" isShow="True" caption="%E5%BD%A2%E7%8A%B6" x="0" y="399" w="360" h="107" measuredW="120" measuredH="100" zOrder="18" locked="False" sizeLocked="False">
      <controlProperties>
        <basic color="4294967295" borderVisible="True" borderColor="4284900966" isAutoSize="False" status="MsEnabled" opacity="1" isCommentCom="False" canMove="True" alias="" rotation="0"/>
        <states/>
        <verticalScrollbarShow>False</verticalScrollbarShow>
        <verticalScrollbarProgress>0</verticalScrollbarProgress>
        <horizontalScrollbarShow>False</horizontalScrollbarShow>
        <horizontalScrollbarProgress>0</horizontalScrollbarProgress>
        <links eventType="AtClick" animate="AmNone" animateAutoDelay="0" animateDuration="500">
          <link targetPageID="" linkType="ltPageLink" isApplyIncludePage="False" title="%E9%93%BE%E6%8E%A5">
            <area shape="0" alt="" ID="{249A7002-3D91-47D1-B478-A1CD60391150}" coords="(0,0,360,107)"/>
          </link>
        </links>
        <interactiveData>
          <entry title="">
            <area shape="0" alt="" ID="{501E9165-CAC5-4C37-8E09-E66EA9D94005}" coords="(0,0,360,107)"/>
            <events title=""/>
          </entry>
        </interactiveData>
        <textSet textColor="4278190080" textSize="12" textFontFamily="%E5%BE%AE%E8%BD%AF%E9%9B%85%E9%BB%91" lineSpacingMultiple="1" textAlign="HaCenter" textVAlign="VaMiddle" textWordWrap="True" lineSpacing="16" textStyles="[]" useDefaultTextSize="True"/>
        <selectedIndex>-1</selectedIndex>
        <selectedColor>4282501083</selectedColor>
        <textPadding>0</textPadding>
        <shapeBorderType>SbRectangle</shapeBorderType>
        <triangleType>TdZero</triangleType>
        <dashMode>SdSolid</dashMode>
        <rectangleBorderLeftVisible>True</rectangleBorderLeftVisible>
        <rectangleBorderRightVisible>True</rectangleBorderRightVisible>
        <rectangleBorderTopVisible>True</rectangleBorderTopVisible>
        <rectangleBorderBottomVisible>True</rectangleBorderBottomVisible>
        <radius>0</radius>
        <radiusIsPercent>False</radiusIsPercent>
        <thickness>1</thickness>
      </controlProperties>
    </control>
    <control controlID="3B637BAE-CFAE-44A7-8E2C-14D4CD4BAE23" controlTypeID="Image" isShow="True" caption="%E5%9B%BE%E7%89%87" x="10" y="409" w="87" h="82" measuredW="150" measuredH="150" zOrder="19" locked="False" sizeLocked="False">
      <controlProperties>
        <basic color="4294967295" borderVisible="False" borderColor="4284900966" isAutoSize="False" status="MsEnabled" opacity="1" isCommentCom="False" canMove="True" alias="" rotation="0"/>
        <states/>
        <verticalScrollbarShow>False</verticalScrollbarShow>
        <verticalScrollbarProgress>0</verticalScrollbarProgress>
        <horizontalScrollbarShow>False</horizontalScrollbarShow>
        <horizontalScrollbarProgress>0</horizontalScrollbarProgress>
        <links eventType="AtClick" animate="AmNone" animateAutoDelay="0" animateDuration="500">
          <link targetPageID="" linkType="ltPageLink" isApplyIncludePage="False" title="%E9%93%BE%E6%8E%A5">
            <area shape="0" alt="" ID="{336D41EB-E7E3-4A84-AFCA-F4568442FE93}" coords="(0,0,87,82)"/>
          </link>
        </links>
        <interactiveData>
          <entry title="">
            <area shape="0" alt="" ID="{452A9964-B1E0-4039-84FD-FF72F28269AD}" coords="(0,0,87,82)"/>
            <events title=""/>
          </entry>
        </interactiveData>
        <rotationAngle>TdZero</rotationAngle>
        <clipShapeType>SbRectangle</clipShapeType>
        <radius>0</radius>
        <radiusIsPercent>False</radiusIsPercent>
        <filterType>MfNone</filterType>
        <filterPencilValue>2</filterPencilValue>
        <filterSketchValue>5</filterSketchValue>
        <URL>2DFF81B6EDDA6AA0EB656C6E37FE03F8.png</URL>
        <FlipHorizontal>False</FlipHorizontal>
        <FlipVertical>False</FlipVertical>
        <fitMode>2</fitMode>
      </controlProperties>
    </control>
    <control controlID="21D31C67-8AFE-4323-8385-24794A74B340" controlTypeID="TextArea" isShow="True" caption="%E5%A4%9A%E8%A1%8C%E6%96%87%E5%AD%97" x="116" y="404" w="224" h="68" measuredW="0" measuredH="126" zOrder="20" locked="False" sizeLocked="False">
      <controlProperties>
        <basic color="16777215" borderVisible="False" borderColor="4284900966" isAutoSize="False" status="MsEnabled" opacity="1" isCommentCom="False" canMove="True" alias="" rotation="0"/>
        <states/>
        <verticalScrollbarShow>False</verticalScrollbarShow>
        <verticalScrollbarProgress>0</verticalScrollbarProgress>
        <horizontalScrollbarShow>False</horizontalScrollbarShow>
        <horizontalScrollbarProgress>0</horizontalScrollbarProgress>
        <links eventType="AtClick" animate="AmNone" animateAutoDelay="0" animateDuration="500">
          <link targetPageID="" linkType="ltPageLink" isApplyIncludePage="False" title="%E9%93%BE%E6%8E%A5">
            <area shape="0" alt="" ID="{17DCD8AB-EFFB-41B1-8E0A-84EF2E233162}" coords="(0,0,224,68)"/>
          </link>
        </links>
        <interactiveData>
          <entry title="">
            <area shape="0" alt="" ID="{7C0D90D4-0B7C-4FF5-B2E2-E344D3F8EB03}" coords="(0,0,224,68)"/>
            <events title=""/>
          </entry>
        </interactiveData>
        <textSet textColor="4281545523" textSize="12" textFontFamily="%E5%BE%AE%E8%BD%AF%E9%9B%85%E9%BB%91" lineSpacingMultiple="1" textAlign="HaLeft" textVAlign="VaTop" textWordWrap="True" lineSpacing="16" textStyles="[]" useDefaultTextSize="True">
          <text>%E5%8A%A9%E5%8A%9B%E9%98%B2%E6%8B%90%EF%BC%8C6%E5%9D%97%E9%92%B1%E8%AE%A4%E9%A2%86%E9%98%B2%E6%8B%90%E5%AE%A3%E4%BC%A0%E7%BB%98%E6%9C%AC%0D%0A++++%E5%B9%B6%E4%BA%8E2013%E5%B9%B4%EF%BC%8C%E8%81%94%E5%90%88%E5%8F%8D%E6%8B%90%E3%80%81%E9%98%B2%E6%8B%90%E3%80%81%E5%AF%BB%E5%AD%90%E5%AF%BB%E4%BA%B2%E9%A2%86%E5%9F%9F%E7%9A%84%E5%A4%9A%E5%AE%B6%E6%9C%BA%E6%9E%84%EF%BC%8C%E5%85%B1%E5%90%8C%E5%8F%91%E8%B5%B7%E2%80%9C%E5%9B%9E%E5%AE%B6%E7%9A%84%E5%B8%8C%E6%9C%9B%E2%80%9D%E5%85%AC%E7%9B%8A%E8%81%94%E7%9B%9F............</text>
        </textSet>
        <selectedIndex>-1</selectedIndex>
        <selectedColor>4282501083</selectedColor>
        <textPadding>0</textPadding>
      </controlProperties>
    </control>
    <control controlID="E709F373-1407-475D-A9A1-2FFA6062E5FC" controlTypeID="Line" isShow="True" caption="%E7%BA%BF%E6%AE%B5" x="115" y="474" w="82" h="5" measuredW="120" measuredH="120" zOrder="21" locked="False" sizeLocked="False">
      <controlProperties>
        <basic color="4294927872" borderVisible="True" borderColor="4284900966" isAutoSize="False" status="MsEnabled" opacity="1" isCommentCom="False" canMove="True" alias="" rotation="0"/>
        <states/>
        <verticalScrollbarShow>False</verticalScrollbarShow>
        <verticalScrollbarProgress>0</verticalScrollbarProgress>
        <horizontalScrollbarShow>False</horizontalScrollbarShow>
        <horizontalScrollbarProgress>0</horizontalScrollbarProgress>
        <links eventType="AtClick" animate="AmNone" animateAutoDelay="0" animateDuration="500">
          <link targetPageID="" linkType="ltPageLink" isApplyIncludePage="False" title="%E9%93%BE%E6%8E%A5">
            <area shape="0" alt="" ID="{6C109B52-87DD-4963-A9FF-E0BDC2D61387}" coords="(0,0,82.2399368286133,5)"/>
          </link>
        </links>
        <interactiveData>
          <entry title="">
            <area shape="0" alt="" ID="{5B47CDA9-F580-43C0-8EBE-2999736BF864}" coords="(0,0,82.2399368286133,5)"/>
            <events title=""/>
          </entry>
        </interactiveData>
        <textSet textColor="4284900966" textSize="12" textFontFamily="%E5%BE%AE%E8%BD%AF%E9%9B%85%E9%BB%91" lineSpacingMultiple="1" textAlign="HaCenter" textVAlign="VaTop" textWordWrap="True" lineSpacing="16" textStyles="[]" useDefaultTextSize="True"/>
        <selectedIndex>-1</selectedIndex>
        <selectedColor>4282501083</selectedColor>
        <textPadding>0</textPadding>
        <controlPoint>(41,2)</controlPoint>
        <startPoint>(2,2)</startPoint>
        <endPoint>(80,2)</endPoint>
        <thickness>5</thickness>
        <dashMode>SdSolid</dashMode>
        <textBackgroundColor>4294967295</textBackgroundColor>
        <textBorderColor>4284900966</textBorderColor>
        <showStartArrow>0</showStartArrow>
        <showEndArrow>0</showEndArrow>
        <isCurved>True</isCurved>
        <isTextPosCenter>True</isTextPosCenter>
      </controlProperties>
    </control>
    <control controlID="C35B1385-9B1F-4186-A727-2558905D3C12" controlTypeID="Line" isShow="True" caption="%E7%BA%BF%E6%AE%B5" x="194" y="474" w="45" h="5" measuredW="120" measuredH="120" zOrder="22" locked="False" sizeLocked="False">
      <controlProperties>
        <basic color="4291611852" borderVisible="True" borderColor="4284900966" isAutoSize="False" status="MsEnabled" opacity="1" isCommentCom="False" canMove="True" alias="" rotation="0"/>
        <states/>
        <verticalScrollbarShow>False</verticalScrollbarShow>
        <verticalScrollbarProgress>0</verticalScrollbarProgress>
        <horizontalScrollbarShow>False</horizontalScrollbarShow>
        <horizontalScrollbarProgress>0</horizontalScrollbarProgress>
        <links eventType="AtClick" animate="AmNone" animateAutoDelay="0" animateDuration="500">
          <link targetPageID="" linkType="ltPageLink" isApplyIncludePage="False" title="%E9%93%BE%E6%8E%A5">
            <area shape="0" alt="" ID="{6C109B52-87DD-4963-A9FF-E0BDC2D61387}" coords="(0,0,45.3666343688965,5)"/>
          </link>
        </links>
        <interactiveData>
          <entry title="">
            <area shape="0" alt="" ID="{5B47CDA9-F580-43C0-8EBE-2999736BF864}" coords="(0,0,45.3666343688965,5)"/>
            <events title=""/>
          </entry>
        </interactiveData>
        <textSet textColor="4284900966" textSize="12" textFontFamily="%E5%BE%AE%E8%BD%AF%E9%9B%85%E9%BB%91" lineSpacingMultiple="1" textAlign="HaCenter" textVAlign="VaTop" textWordWrap="True" lineSpacing="16" textStyles="[]" useDefaultTextSize="True"/>
        <selectedIndex>-1</selectedIndex>
        <selectedColor>4282501083</selectedColor>
        <textPadding>0</textPadding>
        <controlPoint>(23,2)</controlPoint>
        <startPoint>(3,2)</startPoint>
        <endPoint>(43,2)</endPoint>
        <thickness>5</thickness>
        <dashMode>SdSolid</dashMode>
        <textBackgroundColor>4294967295</textBackgroundColor>
        <textBorderColor>4284900966</textBorderColor>
        <showStartArrow>0</showStartArrow>
        <showEndArrow>0</showEndArrow>
        <isCurved>True</isCurved>
        <isTextPosCenter>True</isTextPosCenter>
      </controlProperties>
    </control>
    <control controlID="58FBA9C6-177F-43D7-8C37-47F247A0FB14" controlTypeID="Shape" isShow="True" caption="%E5%BD%A2%E7%8A%B6" x="279" y="472" w="71" h="28" measuredW="120" measuredH="100" zOrder="23" locked="False" sizeLocked="False">
      <controlProperties>
        <basic color="4294901760" borderVisible="True" borderColor="4284900966" isAutoSize="False" status="MsEnabled" opacity="1" isCommentCom="False" canMove="True" alias="" rotation="0"/>
        <states/>
        <verticalScrollbarShow>False</verticalScrollbarShow>
        <verticalScrollbarProgress>0</verticalScrollbarProgress>
        <horizontalScrollbarShow>False</horizontalScrollbarShow>
        <horizontalScrollbarProgress>0</horizontalScrollbarProgress>
        <links eventType="AtClick" animate="AmNone" animateAutoDelay="0" animateDuration="500">
          <link targetPageID="" linkType="ltPageLink" isApplyIncludePage="False" title="%E9%93%BE%E6%8E%A5">
            <area shape="0" alt="" ID="{94B6786B-6978-414A-99F2-D11344DA02F4}" coords="(0,0,71,28)"/>
          </link>
        </links>
        <interactiveData>
          <entry title="">
            <area shape="0" alt="" ID="{355CF9ED-24E5-465B-9EAB-2592B83C4131}" coords="(0,0,71,28)"/>
            <events title=""/>
          </entry>
        </interactiveData>
        <textSet textColor="4294967295" textSize="14" textFontFamily="%E5%BE%AE%E8%BD%AF%E9%9B%85%E9%BB%91" lineSpacingMultiple="1" textAlign="HaCenter" textVAlign="VaMiddle" textWordWrap="True" lineSpacing="18" textStyles="[]" useDefaultTextSize="False">
          <text>%E7%AB%8B%E5%8D%B3%E6%8D%90%E8%B5%A0</text>
        </textSet>
        <selectedIndex>-1</selectedIndex>
        <selectedColor>4282501083</selectedColor>
        <textPadding>0</textPadding>
        <shapeBorderType>SbRectangle</shapeBorderType>
        <triangleType>TdZero</triangleType>
        <dashMode>SdSolid</dashMode>
        <rectangleBorderLeftVisible>True</rectangleBorderLeftVisible>
        <rectangleBorderRightVisible>True</rectangleBorderRightVisible>
        <rectangleBorderTopVisible>True</rectangleBorderTopVisible>
        <rectangleBorderBottomVisible>True</rectangleBorderBottomVisible>
        <radius>8</radius>
        <radiusIsPercent>False</radiusIsPercent>
        <thickness>1</thickness>
      </controlProperties>
    </control>
    <control controlID="398D93EB-E3B0-4D32-B56C-39370FE6582D" controlTypeID="Label" isShow="True" caption="%E5%8D%95%E8%A1%8C%E6%96%87%E5%AD%97" x="243" y="467" w="21" h="14" measuredW="0" measuredH="0" zOrder="24" locked="False" sizeLocked="False">
      <controlProperties>
        <basic color="0" borderVisible="True" borderColor="4284900966" isAutoSize="True" status="MsEnabled" opacity="1" isCommentCom="False" canMove="True" alias="" rotation="0"/>
        <states/>
        <verticalScrollbarShow>False</verticalScrollbarShow>
        <verticalScrollbarProgress>0</verticalScrollbarProgress>
        <horizontalScrollbarShow>False</horizontalScrollbarShow>
        <horizontalScrollbarProgress>0</horizontalScrollbarProgress>
        <links eventType="AtClick" animate="AmNone" animateAutoDelay="0" animateDuration="500">
          <link targetPageID="" linkType="ltPageLink" isApplyIncludePage="False" title="%E9%93%BE%E6%8E%A5">
            <area shape="0" alt="" ID="{3F06A94C-E497-4BF4-A0CB-82D7F0FB9272}" coords="(0,0,21,14)"/>
          </link>
        </links>
        <interactiveData>
          <entry title="">
            <area shape="0" alt="" ID="{66F55EC0-9950-4B53-B81D-63A2938D4DE8}" coords="(0,0,21,14)"/>
            <events title=""/>
          </entry>
        </interactiveData>
        <textSet textColor="4284900966" textSize="10" textFontFamily="%E5%BE%AE%E8%BD%AF%E9%9B%85%E9%BB%91" lineSpacingMultiple="1" textAlign="HaLeft" textVAlign="VaTop" textWordWrap="True" lineSpacing="13" textStyles="[]" useDefaultTextSize="False">
          <text>74%25</text>
        </textSet>
        <selectedIndex>-1</selectedIndex>
        <selectedColor>4282501083</selectedColor>
        <textPadding>0</textPadding>
      </controlProperties>
    </control>
    <control controlID="803EC6A6-FB05-42FE-9E73-A36F81DD7AAD" controlTypeID="Label" isShow="True" caption="%E5%8D%95%E8%A1%8C%E6%96%87%E5%AD%97" x="114" y="483" w="70" h="14" measuredW="0" measuredH="0" zOrder="25" locked="False" sizeLocked="False">
      <controlProperties>
        <basic color="0" borderVisible="True" borderColor="4284900966" isAutoSize="True" status="MsEnabled" opacity="1" isCommentCom="False" canMove="True" alias="" rotation="0"/>
        <states/>
        <verticalScrollbarShow>False</verticalScrollbarShow>
        <verticalScrollbarProgress>0</verticalScrollbarProgress>
        <horizontalScrollbarShow>False</horizontalScrollbarShow>
        <horizontalScrollbarProgress>0</horizontalScrollbarProgress>
        <links eventType="AtClick" animate="AmNone" animateAutoDelay="0" animateDuration="500">
          <link targetPageID="" linkType="ltPageLink" isApplyIncludePage="False" title="%E9%93%BE%E6%8E%A5">
            <area shape="0" alt="" ID="{92223C87-E168-4784-A5FD-931525CE1C72}" coords="(0,0,70,14)"/>
          </link>
        </links>
        <interactiveData>
          <entry title="">
            <area shape="0" alt="" ID="{F4F51C0C-F4FE-4E43-880F-9725081BAB2B}" coords="(0,0,70,14)"/>
            <events title=""/>
          </entry>
        </interactiveData>
        <textSet textColor="4284900966" textSize="10" textFontFamily="%E5%BE%AE%E8%BD%AF%E9%9B%85%E9%BB%91" lineSpacingMultiple="1" textAlign="HaLeft" textVAlign="VaTop" textWordWrap="True" lineSpacing="13" textStyles="[]" useDefaultTextSize="False">
          <text>%E5%85%B134903%E4%BB%BD%E7%88%B1%E5%BF%83</text>
        </textSet>
        <selectedIndex>-1</selectedIndex>
        <selectedColor>4282501083</selectedColor>
        <textPadding>0</textPadding>
      </controlProperties>
    </control>
    <control controlID="F9913159-A9B2-4DA1-9EDD-44420A9DBA8B" controlTypeID="Label" isShow="True" caption="%E5%8D%95%E8%A1%8C%E6%96%87%E5%AD%97" x="218" y="483" w="42" h="14" measuredW="0" measuredH="0" zOrder="26" locked="False" sizeLocked="False">
      <controlProperties>
        <basic color="0" borderVisible="True" borderColor="4284900966" isAutoSize="True" status="MsEnabled" opacity="1" isCommentCom="False" canMove="True" alias="" rotation="0"/>
        <states/>
        <verticalScrollbarShow>False</verticalScrollbarShow>
        <verticalScrollbarProgress>0</verticalScrollbarProgress>
        <horizontalScrollbarShow>False</horizontalScrollbarShow>
        <horizontalScrollbarProgress>0</horizontalScrollbarProgress>
        <links eventType="AtClick" animate="AmNone" animateAutoDelay="0" animateDuration="500">
          <link targetPageID="" linkType="ltPageLink" isApplyIncludePage="False" title="%E9%93%BE%E6%8E%A5">
            <area shape="0" alt="" ID="{92223C87-E168-4784-A5FD-931525CE1C72}" coords="(0,0,42,14)"/>
          </link>
        </links>
        <interactiveData>
          <entry title="">
            <area shape="0" alt="" ID="{F4F51C0C-F4FE-4E43-880F-9725081BAB2B}" coords="(0,0,42,14)"/>
            <events title=""/>
          </entry>
        </interactiveData>
        <textSet textColor="4284900966" textSize="10" textFontFamily="%E5%BE%AE%E8%BD%AF%E9%9B%85%E9%BB%91" lineSpacingMultiple="1" textAlign="HaLeft" textVAlign="VaTop" textWordWrap="True" lineSpacing="13" textStyles="[]" useDefaultTextSize="False">
          <text>%E7%9B%AE%E6%A0%8710%E4%B8%87</text>
        </textSet>
        <selectedIndex>-1</selectedIndex>
        <selectedColor>4282501083</selectedColor>
        <textPadding>0</textPadding>
      </controlProperties>
    </control>
    <control controlID="11F218E9-B7D5-451D-8080-88B9E9593AC0" controlTypeID="Shape" isShow="True" caption="%E5%BD%A2%E7%8A%B6" x="0" y="504" w="360" h="107" measuredW="120" measuredH="100" zOrder="27" locked="False" sizeLocked="False">
      <controlProperties>
        <basic color="4294967295" borderVisible="True" borderColor="4284900966" isAutoSize="False" status="MsEnabled" opacity="1" isCommentCom="False" canMove="True" alias="" rotation="0"/>
        <states/>
        <verticalScrollbarShow>False</verticalScrollbarShow>
        <verticalScrollbarProgress>0</verticalScrollbarProgress>
        <horizontalScrollbarShow>False</horizontalScrollbarShow>
        <horizontalScrollbarProgress>0</horizontalScrollbarProgress>
        <links eventType="AtClick" animate="AmNone" animateAutoDelay="0" animateDuration="500">
          <link targetPageID="" linkType="ltPageLink" isApplyIncludePage="False" title="%E9%93%BE%E6%8E%A5">
            <area shape="0" alt="" ID="{249A7002-3D91-47D1-B478-A1CD60391150}" coords="(0,0,360,107)"/>
          </link>
        </links>
        <interactiveData>
          <entry title="">
            <area shape="0" alt="" ID="{501E9165-CAC5-4C37-8E09-E66EA9D94005}" coords="(0,0,360,107)"/>
            <events title=""/>
          </entry>
        </interactiveData>
        <textSet textColor="4278190080" textSize="12" textFontFamily="%E5%BE%AE%E8%BD%AF%E9%9B%85%E9%BB%91" lineSpacingMultiple="1" textAlign="HaCenter" textVAlign="VaMiddle" textWordWrap="True" lineSpacing="16" textStyles="[]" useDefaultTextSize="True"/>
        <selectedIndex>-1</selectedIndex>
        <selectedColor>4282501083</selectedColor>
        <textPadding>0</textPadding>
        <shapeBorderType>SbRectangle</shapeBorderType>
        <triangleType>TdZero</triangleType>
        <dashMode>SdSolid</dashMode>
        <rectangleBorderLeftVisible>True</rectangleBorderLeftVisible>
        <rectangleBorderRightVisible>True</rectangleBorderRightVisible>
        <rectangleBorderTopVisible>True</rectangleBorderTopVisible>
        <rectangleBorderBottomVisible>True</rectangleBorderBottomVisible>
        <radius>0</radius>
        <radiusIsPercent>False</radiusIsPercent>
        <thickness>1</thickness>
      </controlProperties>
    </control>
    <control controlID="122A2890-6E8E-42B9-BA1D-3A2978D20C46" controlTypeID="Image" isShow="True" caption="%E5%9B%BE%E7%89%87" x="10" y="514" w="87" h="82" measuredW="150" measuredH="150" zOrder="28" locked="False" sizeLocked="False">
      <controlProperties>
        <basic color="4294967295" borderVisible="False" borderColor="4284900966" isAutoSize="False" status="MsEnabled" opacity="1" isCommentCom="False" canMove="True" alias="" rotation="0"/>
        <states/>
        <verticalScrollbarShow>False</verticalScrollbarShow>
        <verticalScrollbarProgress>0</verticalScrollbarProgress>
        <horizontalScrollbarShow>False</horizontalScrollbarShow>
        <horizontalScrollbarProgress>0</horizontalScrollbarProgress>
        <links eventType="AtClick" animate="AmNone" animateAutoDelay="0" animateDuration="500">
          <link targetPageID="" linkType="ltPageLink" isApplyIncludePage="False" title="%E9%93%BE%E6%8E%A5">
            <area shape="0" alt="" ID="{336D41EB-E7E3-4A84-AFCA-F4568442FE93}" coords="(0,0,87,82)"/>
          </link>
        </links>
        <interactiveData>
          <entry title="">
            <area shape="0" alt="" ID="{452A9964-B1E0-4039-84FD-FF72F28269AD}" coords="(0,0,87,82)"/>
            <events title=""/>
          </entry>
        </interactiveData>
        <rotationAngle>TdZero</rotationAngle>
        <clipShapeType>SbRectangle</clipShapeType>
        <radius>0</radius>
        <radiusIsPercent>False</radiusIsPercent>
        <filterType>MfNone</filterType>
        <filterPencilValue>2</filterPencilValue>
        <filterSketchValue>5</filterSketchValue>
        <URL>2DFF81B6EDDA6AA0EB656C6E37FE03F8.png</URL>
        <FlipHorizontal>False</FlipHorizontal>
        <FlipVertical>False</FlipVertical>
        <fitMode>2</fitMode>
      </controlProperties>
    </control>
    <control controlID="CF19FFBD-3FE0-4759-93E9-554FB4B46B86" controlTypeID="TextArea" isShow="True" caption="%E5%A4%9A%E8%A1%8C%E6%96%87%E5%AD%97" x="116" y="509" w="224" h="68" measuredW="0" measuredH="126" zOrder="29" locked="False" sizeLocked="False">
      <controlProperties>
        <basic color="16777215" borderVisible="False" borderColor="4284900966" isAutoSize="False" status="MsEnabled" opacity="1" isCommentCom="False" canMove="True" alias="" rotation="0"/>
        <states/>
        <verticalScrollbarShow>False</verticalScrollbarShow>
        <verticalScrollbarProgress>0</verticalScrollbarProgress>
        <horizontalScrollbarShow>False</horizontalScrollbarShow>
        <horizontalScrollbarProgress>0</horizontalScrollbarProgress>
        <links eventType="AtClick" animate="AmNone" animateAutoDelay="0" animateDuration="500">
          <link targetPageID="" linkType="ltPageLink" isApplyIncludePage="False" title="%E9%93%BE%E6%8E%A5">
            <area shape="0" alt="" ID="{17DCD8AB-EFFB-41B1-8E0A-84EF2E233162}" coords="(0,0,224,68)"/>
          </link>
        </links>
        <interactiveData>
          <entry title="">
            <area shape="0" alt="" ID="{7C0D90D4-0B7C-4FF5-B2E2-E344D3F8EB03}" coords="(0,0,224,68)"/>
            <events title=""/>
          </entry>
        </interactiveData>
        <textSet textColor="4281545523" textSize="12" textFontFamily="%E5%BE%AE%E8%BD%AF%E9%9B%85%E9%BB%91" lineSpacingMultiple="1" textAlign="HaLeft" textVAlign="VaTop" textWordWrap="True" lineSpacing="16" textStyles="[]" useDefaultTextSize="True">
          <text>%E5%8A%A9%E5%8A%9B%E9%98%B2%E6%8B%90%EF%BC%8C6%E5%9D%97%E9%92%B1%E8%AE%A4%E9%A2%86%E9%98%B2%E6%8B%90%E5%AE%A3%E4%BC%A0%E7%BB%98%E6%9C%AC%0D%0A++++%E5%B9%B6%E4%BA%8E2013%E5%B9%B4%EF%BC%8C%E8%81%94%E5%90%88%E5%8F%8D%E6%8B%90%E3%80%81%E9%98%B2%E6%8B%90%E3%80%81%E5%AF%BB%E5%AD%90%E5%AF%BB%E4%BA%B2%E9%A2%86%E5%9F%9F%E7%9A%84%E5%A4%9A%E5%AE%B6%E6%9C%BA%E6%9E%84%EF%BC%8C%E5%85%B1%E5%90%8C%E5%8F%91%E8%B5%B7%E2%80%9C%E5%9B%9E%E5%AE%B6%E7%9A%84%E5%B8%8C%E6%9C%9B%E2%80%9D%E5%85%AC%E7%9B%8A%E8%81%94%E7%9B%9F............</text>
        </textSet>
        <selectedIndex>-1</selectedIndex>
        <selectedColor>4282501083</selectedColor>
        <textPadding>0</textPadding>
      </controlProperties>
    </control>
    <control controlID="079862DE-C1B5-47DF-94B9-F8B8272559FE" controlTypeID="Line" isShow="True" caption="%E7%BA%BF%E6%AE%B5" x="115" y="579" w="82" h="5" measuredW="120" measuredH="120" zOrder="30" locked="False" sizeLocked="False">
      <controlProperties>
        <basic color="4294927872" borderVisible="True" borderColor="4284900966" isAutoSize="False" status="MsEnabled" opacity="1" isCommentCom="False" canMove="True" alias="" rotation="0"/>
        <states/>
        <verticalScrollbarShow>False</verticalScrollbarShow>
        <verticalScrollbarProgress>0</verticalScrollbarProgress>
        <horizontalScrollbarShow>False</horizontalScrollbarShow>
        <horizontalScrollbarProgress>0</horizontalScrollbarProgress>
        <links eventType="AtClick" animate="AmNone" animateAutoDelay="0" animateDuration="500">
          <link targetPageID="" linkType="ltPageLink" isApplyIncludePage="False" title="%E9%93%BE%E6%8E%A5">
            <area shape="0" alt="" ID="{6C109B52-87DD-4963-A9FF-E0BDC2D61387}" coords="(0,0,82.2399368286133,5)"/>
          </link>
        </links>
        <interactiveData>
          <entry title="">
            <area shape="0" alt="" ID="{5B47CDA9-F580-43C0-8EBE-2999736BF864}" coords="(0,0,82.2399368286133,5)"/>
            <events title=""/>
          </entry>
        </interactiveData>
        <textSet textColor="4284900966" textSize="12" textFontFamily="%E5%BE%AE%E8%BD%AF%E9%9B%85%E9%BB%91" lineSpacingMultiple="1" textAlign="HaCenter" textVAlign="VaTop" textWordWrap="True" lineSpacing="16" textStyles="[]" useDefaultTextSize="True"/>
        <selectedIndex>-1</selectedIndex>
        <selectedColor>4282501083</selectedColor>
        <textPadding>0</textPadding>
        <controlPoint>(41,2)</controlPoint>
        <startPoint>(2,2)</startPoint>
        <endPoint>(80,2)</endPoint>
        <thickness>5</thickness>
        <dashMode>SdSolid</dashMode>
        <textBackgroundColor>4294967295</textBackgroundColor>
        <textBorderColor>4284900966</textBorderColor>
        <showStartArrow>0</showStartArrow>
        <showEndArrow>0</showEndArrow>
        <isCurved>True</isCurved>
        <isTextPosCenter>True</isTextPosCenter>
      </controlProperties>
    </control>
    <control controlID="0ED09F5E-EF42-45DA-8B96-C0D36E73C593" controlTypeID="Line" isShow="True" caption="%E7%BA%BF%E6%AE%B5" x="194" y="579" w="45" h="5" measuredW="120" measuredH="120" zOrder="31" locked="False" sizeLocked="False">
      <controlProperties>
        <basic color="4291611852" borderVisible="True" borderColor="4284900966" isAutoSize="False" status="MsEnabled" opacity="1" isCommentCom="False" canMove="True" alias="" rotation="0"/>
        <states/>
        <verticalScrollbarShow>False</verticalScrollbarShow>
        <verticalScrollbarProgress>0</verticalScrollbarProgress>
        <horizontalScrollbarShow>False</horizontalScrollbarShow>
        <horizontalScrollbarProgress>0</horizontalScrollbarProgress>
        <links eventType="AtClick" animate="AmNone" animateAutoDelay="0" animateDuration="500">
          <link targetPageID="" linkType="ltPageLink" isApplyIncludePage="False" title="%E9%93%BE%E6%8E%A5">
            <area shape="0" alt="" ID="{6C109B52-87DD-4963-A9FF-E0BDC2D61387}" coords="(0,0,45.3666343688965,5)"/>
          </link>
        </links>
        <interactiveData>
          <entry title="">
            <area shape="0" alt="" ID="{5B47CDA9-F580-43C0-8EBE-2999736BF864}" coords="(0,0,45.3666343688965,5)"/>
            <events title=""/>
          </entry>
        </interactiveData>
        <textSet textColor="4284900966" textSize="12" textFontFamily="%E5%BE%AE%E8%BD%AF%E9%9B%85%E9%BB%91" lineSpacingMultiple="1" textAlign="HaCenter" textVAlign="VaTop" textWordWrap="True" lineSpacing="16" textStyles="[]" useDefaultTextSize="True"/>
        <selectedIndex>-1</selectedIndex>
        <selectedColor>4282501083</selectedColor>
        <textPadding>0</textPadding>
        <controlPoint>(23,2)</controlPoint>
        <startPoint>(3,2)</startPoint>
        <endPoint>(43,2)</endPoint>
        <thickness>5</thickness>
        <dashMode>SdSolid</dashMode>
        <textBackgroundColor>4294967295</textBackgroundColor>
        <textBorderColor>4284900966</textBorderColor>
        <showStartArrow>0</showStartArrow>
        <showEndArrow>0</showEndArrow>
        <isCurved>True</isCurved>
        <isTextPosCenter>True</isTextPosCenter>
      </controlProperties>
    </control>
    <control controlID="731A9938-7C54-484F-B725-E549C353EB70" controlTypeID="Shape" isShow="True" caption="%E5%BD%A2%E7%8A%B6" x="279" y="577" w="71" h="28" measuredW="120" measuredH="100" zOrder="32" locked="False" sizeLocked="False">
      <controlProperties>
        <basic color="4294901760" borderVisible="True" borderColor="4284900966" isAutoSize="False" status="MsEnabled" opacity="1" isCommentCom="False" canMove="True" alias="" rotation="0"/>
        <states/>
        <verticalScrollbarShow>False</verticalScrollbarShow>
        <verticalScrollbarProgress>0</verticalScrollbarProgress>
        <horizontalScrollbarShow>False</horizontalScrollbarShow>
        <horizontalScrollbarProgress>0</horizontalScrollbarProgress>
        <links eventType="AtClick" animate="AmNone" animateAutoDelay="0" animateDuration="500">
          <link targetPageID="" linkType="ltPageLink" isApplyIncludePage="False" title="%E9%93%BE%E6%8E%A5">
            <area shape="0" alt="" ID="{94B6786B-6978-414A-99F2-D11344DA02F4}" coords="(0,0,71,28)"/>
          </link>
        </links>
        <interactiveData>
          <entry title="">
            <area shape="0" alt="" ID="{355CF9ED-24E5-465B-9EAB-2592B83C4131}" coords="(0,0,71,28)"/>
            <events title=""/>
          </entry>
        </interactiveData>
        <textSet textColor="4294967295" textSize="14" textFontFamily="%E5%BE%AE%E8%BD%AF%E9%9B%85%E9%BB%91" lineSpacingMultiple="1" textAlign="HaCenter" textVAlign="VaMiddle" textWordWrap="True" lineSpacing="18" textStyles="[]" useDefaultTextSize="False">
          <text>%E7%AB%8B%E5%8D%B3%E6%8D%90%E8%B5%A0</text>
        </textSet>
        <selectedIndex>-1</selectedIndex>
        <selectedColor>4282501083</selectedColor>
        <textPadding>0</textPadding>
        <shapeBorderType>SbRectangle</shapeBorderType>
        <triangleType>TdZero</triangleType>
        <dashMode>SdSolid</dashMode>
        <rectangleBorderLeftVisible>True</rectangleBorderLeftVisible>
        <rectangleBorderRightVisible>True</rectangleBorderRightVisible>
        <rectangleBorderTopVisible>True</rectangleBorderTopVisible>
        <rectangleBorderBottomVisible>True</rectangleBorderBottomVisible>
        <radius>8</radius>
        <radiusIsPercent>False</radiusIsPercent>
        <thickness>1</thickness>
      </controlProperties>
    </control>
    <control controlID="9E05FE1E-915D-48DF-B01C-E6CB5F59BF26" controlTypeID="Label" isShow="True" caption="%E5%8D%95%E8%A1%8C%E6%96%87%E5%AD%97" x="243" y="572" w="21" h="14" measuredW="0" measuredH="0" zOrder="33" locked="False" sizeLocked="False">
      <controlProperties>
        <basic color="0" borderVisible="True" borderColor="4284900966" isAutoSize="True" status="MsEnabled" opacity="1" isCommentCom="False" canMove="True" alias="" rotation="0"/>
        <states/>
        <verticalScrollbarShow>False</verticalScrollbarShow>
        <verticalScrollbarProgress>0</verticalScrollbarProgress>
        <horizontalScrollbarShow>False</horizontalScrollbarShow>
        <horizontalScrollbarProgress>0</horizontalScrollbarProgress>
        <links eventType="AtClick" animate="AmNone" animateAutoDelay="0" animateDuration="500">
          <link targetPageID="" linkType="ltPageLink" isApplyIncludePage="False" title="%E9%93%BE%E6%8E%A5">
            <area shape="0" alt="" ID="{3F06A94C-E497-4BF4-A0CB-82D7F0FB9272}" coords="(0,0,21,14)"/>
          </link>
        </links>
        <interactiveData>
          <entry title="">
            <area shape="0" alt="" ID="{66F55EC0-9950-4B53-B81D-63A2938D4DE8}" coords="(0,0,21,14)"/>
            <events title=""/>
          </entry>
        </interactiveData>
        <textSet textColor="4284900966" textSize="10" textFontFamily="%E5%BE%AE%E8%BD%AF%E9%9B%85%E9%BB%91" lineSpacingMultiple="1" textAlign="HaLeft" textVAlign="VaTop" textWordWrap="True" lineSpacing="13" textStyles="[]" useDefaultTextSize="False">
          <text>74%25</text>
        </textSet>
        <selectedIndex>-1</selectedIndex>
        <selectedColor>4282501083</selectedColor>
        <textPadding>0</textPadding>
      </controlProperties>
    </control>
    <control controlID="1086BC9C-69E8-42E8-A80E-03F0E54F77A8" controlTypeID="Label" isShow="True" caption="%E5%8D%95%E8%A1%8C%E6%96%87%E5%AD%97" x="114" y="588" w="70" h="14" measuredW="0" measuredH="0" zOrder="34" locked="False" sizeLocked="False">
      <controlProperties>
        <basic color="0" borderVisible="True" borderColor="4284900966" isAutoSize="True" status="MsEnabled" opacity="1" isCommentCom="False" canMove="True" alias="" rotation="0"/>
        <states/>
        <verticalScrollbarShow>False</verticalScrollbarShow>
        <verticalScrollbarProgress>0</verticalScrollbarProgress>
        <horizontalScrollbarShow>False</horizontalScrollbarShow>
        <horizontalScrollbarProgress>0</horizontalScrollbarProgress>
        <links eventType="AtClick" animate="AmNone" animateAutoDelay="0" animateDuration="500">
          <link targetPageID="" linkType="ltPageLink" isApplyIncludePage="False" title="%E9%93%BE%E6%8E%A5">
            <area shape="0" alt="" ID="{92223C87-E168-4784-A5FD-931525CE1C72}" coords="(0,0,70,14)"/>
          </link>
        </links>
        <interactiveData>
          <entry title="">
            <area shape="0" alt="" ID="{F4F51C0C-F4FE-4E43-880F-9725081BAB2B}" coords="(0,0,70,14)"/>
            <events title=""/>
          </entry>
        </interactiveData>
        <textSet textColor="4284900966" textSize="10" textFontFamily="%E5%BE%AE%E8%BD%AF%E9%9B%85%E9%BB%91" lineSpacingMultiple="1" textAlign="HaLeft" textVAlign="VaTop" textWordWrap="True" lineSpacing="13" textStyles="[]" useDefaultTextSize="False">
          <text>%E5%85%B134903%E4%BB%BD%E7%88%B1%E5%BF%83</text>
        </textSet>
        <selectedIndex>-1</selectedIndex>
        <selectedColor>4282501083</selectedColor>
        <textPadding>0</textPadding>
      </controlProperties>
    </control>
    <control controlID="7F084BBF-C67B-4C47-8CAC-F6010094556E" controlTypeID="Label" isShow="True" caption="%E5%8D%95%E8%A1%8C%E6%96%87%E5%AD%97" x="218" y="588" w="42" h="14" measuredW="0" measuredH="0" zOrder="35" locked="False" sizeLocked="False">
      <controlProperties>
        <basic color="0" borderVisible="True" borderColor="4284900966" isAutoSize="True" status="MsEnabled" opacity="1" isCommentCom="False" canMove="True" alias="" rotation="0"/>
        <states/>
        <verticalScrollbarShow>False</verticalScrollbarShow>
        <verticalScrollbarProgress>0</verticalScrollbarProgress>
        <horizontalScrollbarShow>False</horizontalScrollbarShow>
        <horizontalScrollbarProgress>0</horizontalScrollbarProgress>
        <links eventType="AtClick" animate="AmNone" animateAutoDelay="0" animateDuration="500">
          <link targetPageID="" linkType="ltPageLink" isApplyIncludePage="False" title="%E9%93%BE%E6%8E%A5">
            <area shape="0" alt="" ID="{92223C87-E168-4784-A5FD-931525CE1C72}" coords="(0,0,42,14)"/>
          </link>
        </links>
        <interactiveData>
          <entry title="">
            <area shape="0" alt="" ID="{F4F51C0C-F4FE-4E43-880F-9725081BAB2B}" coords="(0,0,42,14)"/>
            <events title=""/>
          </entry>
        </interactiveData>
        <textSet textColor="4284900966" textSize="10" textFontFamily="%E5%BE%AE%E8%BD%AF%E9%9B%85%E9%BB%91" lineSpacingMultiple="1" textAlign="HaLeft" textVAlign="VaTop" textWordWrap="True" lineSpacing="13" textStyles="[]" useDefaultTextSize="False">
          <text>%E7%9B%AE%E6%A0%8710%E4%B8%87</text>
        </textSet>
        <selectedIndex>-1</selectedIndex>
        <selectedColor>4282501083</selectedColor>
        <textPadding>0</textPadding>
      </controlProperties>
    </control>
    <control controlID="E783AF5F-E709-4A20-A4DA-9C95840D3F81" controlTypeID="PageControl" isShow="True" caption="%E5%88%86%E9%A1%B5%E5%99%A8" x="139" y="204" w="80" h="12" measuredW="80" measuredH="12" zOrder="36" locked="False" sizeLocked="False">
      <controlProperties>
        <basic color="4294967295" borderVisible="True" borderColor="4284900966" isAutoSize="False" status="MsEnabled" opacity="1" isCommentCom="False" canMove="True" alias="" rotation="0"/>
        <states/>
        <verticalScrollbarShow>False</verticalScrollbarShow>
        <verticalScrollbarProgress>0</verticalScrollbarProgress>
        <horizontalScrollbarShow>False</horizontalScrollbarShow>
        <horizontalScrollbarProgress>0</horizontalScrollbarProgress>
        <links eventType="AtClick" animate="AmNone" animateAutoDelay="0" animateDuration="500">
          <link targetPageID="" linkType="ltPageLink" isApplyIncludePage="False" title="%E9%93%BE%E6%8E%A5">
            <area shape="0" alt="" ID="{FFEE2100-5911-4075-9D9E-B97D5E40EB34}" coords="(0,0,80,12)"/>
          </link>
        </links>
        <interactiveData>
          <entry title="">
            <area shape="0" alt="" ID="{1B93842C-FACF-4015-AED4-38D33422CE81}" coords="(0,0,80,12)"/>
            <events title=""/>
          </entry>
        </interactiveData>
      </controlProperties>
    </control>
    <control controlID="60E51ABB-8C2A-4F3E-BCAB-4AD61EB21C50" controlTypeID="Icon" isShow="True" caption="%E5%9B%BE%E6%A0%87" x="9" y="11" w="22" h="22" measuredW="32" measuredH="32" zOrder="37" locked="False" sizeLocked="False">
      <controlProperties>
        <basic color="4294967295" borderVisible="True" borderColor="4284900966" isAutoSize="False" status="MsEnabled" opacity="1" isCommentCom="False" canMove="True" alias="" rotation="0"/>
        <states/>
        <verticalScrollbarShow>False</verticalScrollbarShow>
        <verticalScrollbarProgress>0</verticalScrollbarProgress>
        <horizontalScrollbarShow>False</horizontalScrollbarShow>
        <horizontalScrollbarProgress>0</horizontalScrollbarProgress>
        <links eventType="AtClick" animate="AmNone" animateAutoDelay="0" animateDuration="500">
          <link targetPageID="" linkType="ltPageLink" isApplyIncludePage="False" title="%E9%93%BE%E6%8E%A5">
            <area shape="0" alt="" ID="{127A6318-44CE-41B2-8203-0965EDFBB7EC}" coords="(0,0,22,22)"/>
          </link>
        </links>
        <interactiveData>
          <entry title="">
            <area shape="0" alt="" ID="{B7070BF1-DB19-4DEF-BD07-76B0AF269E3A}" coords="(0,0,22,22)"/>
            <events title=""/>
          </entry>
        </interactiveData>
        <rotationAngle>TdZero</rotationAngle>
        <icon>
          <ID/>
          <iconFontName>jdIonicons</iconFontName>
          <iconCode>62154</iconCode>
        </icon>
        <URL>D95E480717200F895E41DB6E5B869596.svg</URL>
        <FlipHorizontal>False</FlipHorizontal>
        <FlipVertical>False</FlipVertical>
      </controlProperties>
    </control>
  </controls>
  <param>
    <backgroundColor>4294967295</backgroundColor>
    <fontFamily/>
    <guideLines/>
  </param>
</mockup>