﻿<mockup version="4.2" platform="MtMobile" defaultW="360" defaultH="640" from="FmLocal" screenOrientation="MoPortrait" mobileScreenScale="1.77777779102325" minAllowVersion="4.1" ID="9E916040-AF95-44D6-88FC-8035695AC0D3" measureW="360" measureH="640">
  <controls controlCount="30">
    <control controlID="9A3B4472-81C7-4D9F-A9F2-5C09FA54C262" controlTypeID="Shape" isShow="True" caption="%E5%BD%A2%E7%8A%B6" x="0" y="1" w="360" h="49" measuredW="120" measuredH="100" zOrder="0" locked="False" sizeLocked="False">
      <controlProperties>
        <basic color="4294901760" borderVisible="True" borderColor="4284900966" isAutoSize="False" status="MsEnabled" opacity="1" isCommentCom="False" canMove="True" alias="" rotation="0"/>
        <states/>
        <verticalScrollbarShow>False</verticalScrollbarShow>
        <verticalScrollbarProgress>0</verticalScrollbarProgress>
        <horizontalScrollbarShow>False</horizontalScrollbarShow>
        <horizontalScrollbarProgress>0</horizontalScrollbarProgress>
        <links eventType="AtClick" animate="AmNone" animateAutoDelay="0" animateDuration="500">
          <link targetPageID="" linkType="ltPageLink" isApplyIncludePage="False" title="%E9%93%BE%E6%8E%A5">
            <area shape="0" alt="" ID="{9C74B11B-6495-4FB2-BFAE-6898141F3B54}" coords="(0,0,360,49)"/>
          </link>
        </links>
        <interactiveData>
          <entry title="">
            <area shape="0" alt="" ID="{06EA3D95-D0D0-4A4F-8DF8-E4C1DB5D1CAF}" coords="(0,0,360,49)"/>
            <events title=""/>
          </entry>
        </interactiveData>
        <textSet textColor="4294967295" textSize="18" textFontFamily="%E5%BE%AE%E8%BD%AF%E9%9B%85%E9%BB%91" lineSpacingMultiple="1" textAlign="HaCenter" textVAlign="VaMiddle" textWordWrap="True" lineSpacing="24" textStyles="[]" useDefaultTextSize="False">
          <text>%E5%8F%8D%E9%A6%88%E4%BF%A1%E6%81%AF</text>
        </textSet>
        <selectedIndex>-1</selectedIndex>
        <selectedColor>4282501083</selectedColor>
        <textPadding>0</textPadding>
        <shapeBorderType>SbRectangle</shapeBorderType>
        <triangleType>TdZero</triangleType>
        <dashMode>SdSolid</dashMode>
        <rectangleBorderLeftVisible>True</rectangleBorderLeftVisible>
        <rectangleBorderRightVisible>True</rectangleBorderRightVisible>
        <rectangleBorderTopVisible>True</rectangleBorderTopVisible>
        <rectangleBorderBottomVisible>True</rectangleBorderBottomVisible>
        <radius>0</radius>
        <radiusIsPercent>False</radiusIsPercent>
        <thickness>1</thickness>
      </controlProperties>
    </control>
    <control controlID="25CC2F89-135C-4C4D-B576-5AFA0ABFEB8D" controlTypeID="Shape" isShow="True" caption="%E5%BD%A2%E7%8A%B6" x="0" y="50" w="360" h="202" measuredW="120" measuredH="100" zOrder="1" locked="False" sizeLocked="False">
      <controlProperties>
        <basic color="4294967295" borderVisible="True" borderColor="4284900966" isAutoSize="False" status="MsEnabled" opacity="1" isCommentCom="False" canMove="True" alias="" rotation="0"/>
        <states/>
        <verticalScrollbarShow>False</verticalScrollbarShow>
        <verticalScrollbarProgress>0</verticalScrollbarProgress>
        <horizontalScrollbarShow>False</horizontalScrollbarShow>
        <horizontalScrollbarProgress>0</horizontalScrollbarProgress>
        <links eventType="AtClick" animate="AmNone" animateAutoDelay="0" animateDuration="500">
          <link targetPageID="" linkType="ltPageLink" isApplyIncludePage="False" title="%E9%93%BE%E6%8E%A5">
            <area shape="0" alt="" ID="{0127B85C-52D7-4AFA-A7BA-908CD8F979F7}" coords="(0,0,360,202)"/>
          </link>
        </links>
        <interactiveData>
          <entry title="">
            <area shape="0" alt="" ID="{E0107654-FCC5-48C0-B5CA-3D761C7F2DF8}" coords="(0,0,360,202)"/>
            <events title=""/>
          </entry>
        </interactiveData>
        <textSet textColor="4278190080" textSize="12" textFontFamily="%E5%BE%AE%E8%BD%AF%E9%9B%85%E9%BB%91" lineSpacingMultiple="1" textAlign="HaCenter" textVAlign="VaMiddle" textWordWrap="True" lineSpacing="16" textStyles="[]" useDefaultTextSize="True"/>
        <selectedIndex>-1</selectedIndex>
        <selectedColor>4282501083</selectedColor>
        <textPadding>0</textPadding>
        <shapeBorderType>SbRectangle</shapeBorderType>
        <triangleType>TdZero</triangleType>
        <dashMode>SdSolid</dashMode>
        <rectangleBorderLeftVisible>True</rectangleBorderLeftVisible>
        <rectangleBorderRightVisible>True</rectangleBorderRightVisible>
        <rectangleBorderTopVisible>True</rectangleBorderTopVisible>
        <rectangleBorderBottomVisible>True</rectangleBorderBottomVisible>
        <radius>0</radius>
        <radiusIsPercent>False</radiusIsPercent>
        <thickness>1</thickness>
      </controlProperties>
    </control>
    <control controlID="E70A5E53-4685-47D2-B309-6157C281C127" controlTypeID="Image" isShow="True" caption="%E5%9B%BE%E7%89%87" x="2" y="51" w="112" h="95" measuredW="150" measuredH="150" zOrder="2" locked="False" sizeLocked="False">
      <controlProperties>
        <basic color="4294967295" borderVisible="False" borderColor="4284900966" isAutoSize="False" status="MsEnabled" opacity="1" isCommentCom="False" canMove="True" alias="" rotation="0"/>
        <states/>
        <verticalScrollbarShow>False</verticalScrollbarShow>
        <verticalScrollbarProgress>0</verticalScrollbarProgress>
        <horizontalScrollbarShow>False</horizontalScrollbarShow>
        <horizontalScrollbarProgress>0</horizontalScrollbarProgress>
        <links eventType="AtClick" animate="AmNone" animateAutoDelay="0" animateDuration="500">
          <link targetPageID="" linkType="ltPageLink" isApplyIncludePage="False" title="%E9%93%BE%E6%8E%A5">
            <area shape="0" alt="" ID="{08452D79-F077-4EF1-B78A-FAEFBD612ECA}" coords="(0,0,112,95)"/>
          </link>
        </links>
        <interactiveData>
          <entry title="">
            <area shape="0" alt="" ID="{26A5689E-C3C5-4573-BD8E-712B0E652917}" coords="(0,0,112,95)"/>
            <events title=""/>
          </entry>
        </interactiveData>
        <rotationAngle>TdZero</rotationAngle>
        <clipShapeType>SbRectangle</clipShapeType>
        <radius>0</radius>
        <radiusIsPercent>False</radiusIsPercent>
        <filterType>MfNone</filterType>
        <filterPencilValue>2</filterPencilValue>
        <filterSketchValue>5</filterSketchValue>
        <URL>D756FD203703C3226677149A0C5667F3.png</URL>
        <FlipHorizontal>False</FlipHorizontal>
        <FlipVertical>False</FlipVertical>
        <fitMode>2</fitMode>
      </controlProperties>
    </control>
    <control controlID="5D619843-B9B6-4594-AD8F-E1BA2ECFAE0A" controlTypeID="TextArea" isShow="True" caption="%E5%A4%9A%E8%A1%8C%E6%96%87%E5%AD%97" x="121" y="52" w="229" h="94" measuredW="0" measuredH="126" zOrder="3" locked="False" sizeLocked="False">
      <controlProperties>
        <basic color="16777215" borderVisible="False" borderColor="4284900966" isAutoSize="False" status="MsEnabled" opacity="1" isCommentCom="False" canMove="True" alias="" rotation="0"/>
        <states/>
        <verticalScrollbarShow>False</verticalScrollbarShow>
        <verticalScrollbarProgress>0</verticalScrollbarProgress>
        <horizontalScrollbarShow>False</horizontalScrollbarShow>
        <horizontalScrollbarProgress>0</horizontalScrollbarProgress>
        <links eventType="AtClick" animate="AmNone" animateAutoDelay="0" animateDuration="500">
          <link targetPageID="" linkType="ltPageLink" isApplyIncludePage="False" title="%E9%93%BE%E6%8E%A5">
            <area shape="0" alt="" ID="{56F8CE31-FA77-41EB-B0E4-76B14E6DC6E3}" coords="(0,0,229,94)"/>
          </link>
        </links>
        <interactiveData>
          <entry title="">
            <area shape="0" alt="" ID="{8A38AA52-7A05-4E7B-8062-E0933B4A940F}" coords="(0,0,229,94)"/>
            <events title=""/>
          </entry>
        </interactiveData>
        <textSet textColor="4278190080" textSize="12" textFontFamily="%E5%BE%AE%E8%BD%AF%E9%9B%85%E9%BB%91" lineSpacingMultiple="1" textAlign="HaLeft" textVAlign="VaTop" textWordWrap="True" lineSpacing="16" textStyles="[]" useDefaultTextSize="True">
          <text>++++%E9%99%95%E8%A5%BF%E5%92%B8%E9%98%B3%E7%94%B7%E5%AD%A9%E9%83%AD%E9%93%AD%E6%9D%B0%E4%B8%8D%E5%88%B0%E4%B8%89%E5%B2%81%E6%97%B6%E7%AA%81%E6%82%A3%E7%A5%9E%E7%BB%8F%E6%AF%8D%E7%BB%86%E8%83%9E%E7%98%A4%EF%BC%8C%E5%8C%96%E7%96%97%E6%B2%BB%E6%84%88%E5%90%8E%E4%BA%8E%E4%BB%8A%E5%B9%B48%E6%9C%88%E5%A4%8D%E6%9F%A5%E6%97%B6%E5%8F%91%E7%8E%B0%E8%82%BF%E7%98%A4%E5%A4%8D%E5%8F%91%E3%80%82%E5%AD%A9%E5%AD%90%E6%80%A5%E9%9C%80%E8%BF%9B%E8%A1%8C%E8%87%AA%E4%BD%93%E7%A7%BB%E6%A4%8D%E6%89%8B%E6%9C%AF%E6%9D%A5%E6%8C%BD%E6%95%91%E7%94%9F%E5%91%BD%EF%BC%8C%E7%8E%B0%E5%B7%B2%E5%9C%A8%E8%BF%9B%E8%A1%8C%E7%A7%BB%E6%A4%8D%E5%89%8D%E5%8C%96%E7%96%97%EF%BC%8C%E4%BD%86%E6%98%AF%E8%BF%9B%E4%BB%93%E8%B4%B9%E7%94%A8%E8%BF%98%E6%9C%89%E5%BE%88%E5%A4%A7%E7%BC%BA%E5%8F%A3%EF%BC%8C%E6%B8%B4%E6%B1%82%E5%A5%BD%E5%BF%83%E4%BA%BA%E5%A3%AB%E7%88%B1%E5%BF%83%E5%B8%AE%E5%8A%A9%E3%80%82%0D%0A</text>
        </textSet>
        <selectedIndex>-1</selectedIndex>
        <selectedColor>4282501083</selectedColor>
        <textPadding>0</textPadding>
      </controlProperties>
    </control>
    <control controlID="E0303074-D5A1-4603-8B0D-329B8A829833" controlTypeID="Label" isShow="True" caption="%E5%8D%95%E8%A1%8C%E6%96%87%E5%AD%97" x="12" y="155" w="48" h="16" measuredW="0" measuredH="0" zOrder="4" locked="False" sizeLocked="False">
      <controlProperties>
        <basic color="0" borderVisible="True" borderColor="4284900966" isAutoSize="True" status="MsEnabled" opacity="1" isCommentCom="False" canMove="True" alias="" rotation="0"/>
        <states/>
        <verticalScrollbarShow>False</verticalScrollbarShow>
        <verticalScrollbarProgress>0</verticalScrollbarProgress>
        <horizontalScrollbarShow>False</horizontalScrollbarShow>
        <horizontalScrollbarProgress>0</horizontalScrollbarProgress>
        <links eventType="AtClick" animate="AmNone" animateAutoDelay="0" animateDuration="500">
          <link targetPageID="" linkType="ltPageLink" isApplyIncludePage="False" title="%E9%93%BE%E6%8E%A5">
            <area shape="0" alt="" ID="{A7ED56D3-70D8-416F-AADF-157BA541D6A7}" coords="(0,0,48,16)"/>
          </link>
        </links>
        <interactiveData>
          <entry title="">
            <area shape="0" alt="" ID="{07ABD3F5-5942-4BD7-87B2-32203A27CEFE}" coords="(0,0,48,16)"/>
            <events title=""/>
          </entry>
        </interactiveData>
        <textSet textColor="4278190080" textSize="12" textFontFamily="%E5%BE%AE%E8%BD%AF%E9%9B%85%E9%BB%91" lineSpacingMultiple="1" textAlign="HaLeft" textVAlign="VaTop" textWordWrap="True" lineSpacing="16" textStyles="[]" useDefaultTextSize="True">
          <text>%E6%8D%90%E8%B5%A0%E5%8F%8D%E9%A6%88</text>
        </textSet>
        <selectedIndex>-1</selectedIndex>
        <selectedColor>4282501083</selectedColor>
        <textPadding>0</textPadding>
      </controlProperties>
    </control>
    <control controlID="C427A0BD-EE06-4B4C-9689-996DDD88B775" controlTypeID="TextArea" isShow="True" caption="%E5%A4%9A%E8%A1%8C%E6%96%87%E5%AD%97" x="11" y="180" w="338" h="43" measuredW="0" measuredH="126" zOrder="5" locked="False" sizeLocked="False">
      <controlProperties>
        <basic color="16777215" borderVisible="True" borderColor="4284900966" isAutoSize="False" status="MsEnabled" opacity="1" isCommentCom="False" canMove="True" alias="" rotation="0"/>
        <states/>
        <verticalScrollbarShow>False</verticalScrollbarShow>
        <verticalScrollbarProgress>0</verticalScrollbarProgress>
        <horizontalScrollbarShow>False</horizontalScrollbarShow>
        <horizontalScrollbarProgress>0</horizontalScrollbarProgress>
        <links eventType="AtClick" animate="AmNone" animateAutoDelay="0" animateDuration="500">
          <link targetPageID="" linkType="ltPageLink" isApplyIncludePage="False" title="%E9%93%BE%E6%8E%A5">
            <area shape="0" alt="" ID="{44080787-452F-4FF3-8918-D80AC307DCEA}" coords="(0,0,338,43)"/>
          </link>
        </links>
        <interactiveData>
          <entry title="">
            <area shape="0" alt="" ID="{4FC12331-A9FA-4690-A61A-83B6D1D0D85B}" coords="(0,0,338,43)"/>
            <events title=""/>
          </entry>
        </interactiveData>
        <textSet textColor="4288256409" textSize="12" textFontFamily="%E5%BE%AE%E8%BD%AF%E9%9B%85%E9%BB%91" lineSpacingMultiple="1" textAlign="HaLeft" textVAlign="VaTop" textWordWrap="True" lineSpacing="16" textStyles="[]" useDefaultTextSize="True">
          <text>+++%E9%9D%9E%E5%B8%B8%E6%84%9F%E8%B0%A2%E6%84%9F%E8%B0%A2%E9%9D%9E%E5%B8%B8%E6%84%9F%E8%B0%A2%E6%84%9F%E8%B0%A2%E9%9D%9E%E5%B8%B8%E6%84%9F%E8%B0%A2%E6%84%9F%E8%B0%A2%E9%9D%9E%E5%B8%B8%E6%84%9F%E8%B0%A2%E6%84%9F%E8%B0%A2%E9%9D%9E%E5%B8%B8%E6%84%9F%E8%B0%A2%E6%84%9F%E8%B0%A2%E9%9D%9E%E5%B8%B8%E6%84%9F%E8%B0%A2%E6%84%9F%E8%B0%A2%E9%9D%9E%E5%B8%B8%E6%84%9F%E8%B0%A2%E6%84%9F%E8%B0%A2</text>
        </textSet>
        <selectedIndex>-1</selectedIndex>
        <selectedColor>4282501083</selectedColor>
        <textPadding>0</textPadding>
      </controlProperties>
    </control>
    <control controlID="98990DB9-2DFA-4362-B20B-FE05A56F5565" controlTypeID="Label" isShow="True" caption="%E5%8D%95%E8%A1%8C%E6%96%87%E5%AD%97" x="270" y="156" w="67" h="16" measuredW="0" measuredH="0" zOrder="6" locked="False" sizeLocked="False">
      <controlProperties>
        <basic color="0" borderVisible="True" borderColor="4284900966" isAutoSize="True" status="MsEnabled" opacity="1" isCommentCom="False" canMove="True" alias="" rotation="0"/>
        <states/>
        <verticalScrollbarShow>False</verticalScrollbarShow>
        <verticalScrollbarProgress>0</verticalScrollbarProgress>
        <horizontalScrollbarShow>False</horizontalScrollbarShow>
        <horizontalScrollbarProgress>0</horizontalScrollbarProgress>
        <links eventType="AtClick" animate="AmNone" animateAutoDelay="0" animateDuration="500">
          <link targetPageID="" linkType="ltPageLink" isApplyIncludePage="False" title="%E9%93%BE%E6%8E%A5">
            <area shape="0" alt="" ID="{26A494E0-CD03-4C05-9D99-213A91F2FDD5}" coords="(0,0,67,16)"/>
          </link>
        </links>
        <interactiveData>
          <entry title="">
            <area shape="0" alt="" ID="{AE87E35E-787F-411B-9814-5009B1E45BF1}" coords="(0,0,67,16)"/>
            <events title=""/>
          </entry>
        </interactiveData>
        <textSet textColor="4278190080" textSize="12" textFontFamily="%E5%BE%AE%E8%BD%AF%E9%9B%85%E9%BB%91" lineSpacingMultiple="1" textAlign="HaLeft" textVAlign="VaTop" textWordWrap="True" lineSpacing="16" textStyles="[]" useDefaultTextSize="True">
          <text>2016-11-16</text>
        </textSet>
        <selectedIndex>-1</selectedIndex>
        <selectedColor>4282501083</selectedColor>
        <textPadding>0</textPadding>
      </controlProperties>
    </control>
    <control controlID="BEC3D4CD-E3B9-4685-B278-DBCF3FA70A4B" controlTypeID="Line" isShow="True" caption="%E7%BA%BF%E6%AE%B5" x="9" y="152" w="341" h="1" measuredW="120" measuredH="120" zOrder="7" locked="False" sizeLocked="False">
      <controlProperties>
        <basic color="4284900966" borderVisible="True" borderColor="4284900966" isAutoSize="False" status="MsEnabled" opacity="1" isCommentCom="False" canMove="True" alias="" rotation="0"/>
        <states/>
        <verticalScrollbarShow>False</verticalScrollbarShow>
        <verticalScrollbarProgress>0</verticalScrollbarProgress>
        <horizontalScrollbarShow>False</horizontalScrollbarShow>
        <horizontalScrollbarProgress>0</horizontalScrollbarProgress>
        <links eventType="AtClick" animate="AmNone" animateAutoDelay="0" animateDuration="500">
          <link targetPageID="" linkType="ltPageLink" isApplyIncludePage="False" title="%E9%93%BE%E6%8E%A5">
            <area shape="0" alt="" ID="{ADA5B5B1-7CC5-44A1-BA86-0BC24CBB94CB}" coords="(0,0,341,1)"/>
          </link>
        </links>
        <interactiveData>
          <entry title="">
            <area shape="0" alt="" ID="{27AF6140-0008-471B-B312-F9B1DBF634E0}" coords="(0,0,341,1)"/>
            <events title=""/>
          </entry>
        </interactiveData>
        <textSet textColor="4278190080" textSize="12" textFontFamily="%E5%BE%AE%E8%BD%AF%E9%9B%85%E9%BB%91" lineSpacingMultiple="1" textAlign="HaCenter" textVAlign="VaTop" textWordWrap="True" lineSpacing="16" textStyles="[]" useDefaultTextSize="True"/>
        <selectedIndex>-1</selectedIndex>
        <selectedColor>4282501083</selectedColor>
        <textPadding>0</textPadding>
        <controlPoint>(170.5,0)</controlPoint>
        <startPoint>(0,0)</startPoint>
        <endPoint>(341,0)</endPoint>
        <thickness>1</thickness>
        <dashMode>SdSolid</dashMode>
        <textBackgroundColor>4294967295</textBackgroundColor>
        <textBorderColor>4284900966</textBorderColor>
        <showStartArrow>0</showStartArrow>
        <showEndArrow>0</showEndArrow>
        <isCurved>True</isCurved>
        <isTextPosCenter>True</isTextPosCenter>
      </controlProperties>
    </control>
    <control controlID="1D5727E7-04BF-4FF9-8E1D-150A7CB8EF66" controlTypeID="Line" isShow="True" caption="%E7%BA%BF%E6%AE%B5" x="10" y="178" w="339" h="1" measuredW="120" measuredH="120" zOrder="8" locked="False" sizeLocked="False">
      <controlProperties>
        <basic color="4284900966" borderVisible="True" borderColor="4284900966" isAutoSize="False" status="MsEnabled" opacity="1" isCommentCom="False" canMove="True" alias="" rotation="0"/>
        <states/>
        <verticalScrollbarShow>False</verticalScrollbarShow>
        <verticalScrollbarProgress>0</verticalScrollbarProgress>
        <horizontalScrollbarShow>False</horizontalScrollbarShow>
        <horizontalScrollbarProgress>0</horizontalScrollbarProgress>
        <links eventType="AtClick" animate="AmNone" animateAutoDelay="0" animateDuration="500">
          <link targetPageID="" linkType="ltPageLink" isApplyIncludePage="False" title="%E9%93%BE%E6%8E%A5">
            <area shape="0" alt="" ID="{F69F07B7-795A-40D3-BD42-BD09B86A2568}" coords="(0,0,339,1)"/>
          </link>
        </links>
        <interactiveData>
          <entry title="">
            <area shape="0" alt="" ID="{8A3EADC5-8471-4E32-811D-63A54611E506}" coords="(0,0,339,1)"/>
            <events title=""/>
          </entry>
        </interactiveData>
        <textSet textColor="4278190080" textSize="12" textFontFamily="%E5%BE%AE%E8%BD%AF%E9%9B%85%E9%BB%91" lineSpacingMultiple="1" textAlign="HaCenter" textVAlign="VaTop" textWordWrap="True" lineSpacing="16" textStyles="[]" useDefaultTextSize="True"/>
        <selectedIndex>-1</selectedIndex>
        <selectedColor>4282501083</selectedColor>
        <textPadding>0</textPadding>
        <controlPoint>(169.5,0)</controlPoint>
        <startPoint>(0,0)</startPoint>
        <endPoint>(339,0)</endPoint>
        <thickness>1</thickness>
        <dashMode>SdSolid</dashMode>
        <textBackgroundColor>4294967295</textBackgroundColor>
        <textBorderColor>4284900966</textBorderColor>
        <showStartArrow>0</showStartArrow>
        <showEndArrow>0</showEndArrow>
        <isCurved>True</isCurved>
        <isTextPosCenter>True</isTextPosCenter>
      </controlProperties>
    </control>
    <control controlID="EF58BD81-2B98-49E6-A065-E56B9E8E0BB4" controlTypeID="Shape" isShow="True" caption="%E5%BD%A2%E7%8A%B6" x="10" y="225" w="339" h="24" measuredW="120" measuredH="100" zOrder="9" locked="False" sizeLocked="False">
      <controlProperties>
        <basic color="4294901760" borderVisible="True" borderColor="4284900966" isAutoSize="False" status="MsEnabled" opacity="1" isCommentCom="False" canMove="True" alias="" rotation="0"/>
        <states/>
        <verticalScrollbarShow>False</verticalScrollbarShow>
        <verticalScrollbarProgress>0</verticalScrollbarProgress>
        <horizontalScrollbarShow>False</horizontalScrollbarShow>
        <horizontalScrollbarProgress>0</horizontalScrollbarProgress>
        <links eventType="AtClick" animate="AmNone" animateAutoDelay="0" animateDuration="500">
          <link targetPageID="" linkType="ltPageLink" isApplyIncludePage="False" title="%E9%93%BE%E6%8E%A5">
            <area shape="0" alt="" ID="{FA4E952F-416A-4D8F-959E-57542EE8AB57}" coords="(0,0,339,24)"/>
          </link>
        </links>
        <interactiveData>
          <entry title="">
            <area shape="0" alt="" ID="{C82D8C89-8533-47B1-9F31-3158BF13C673}" coords="(0,0,339,24)"/>
            <events title=""/>
          </entry>
        </interactiveData>
        <textSet textColor="4294967295" textSize="16" textFontFamily="%E5%BE%AE%E8%BD%AF%E9%9B%85%E9%BB%91" lineSpacingMultiple="1" textAlign="HaCenter" textVAlign="VaMiddle" textWordWrap="True" lineSpacing="21" textStyles="[]" useDefaultTextSize="False">
          <text>%E7%BB%A7%E7%BB%AD%E6%8D%90%E8%B5%A0</text>
        </textSet>
        <selectedIndex>-1</selectedIndex>
        <selectedColor>4282501083</selectedColor>
        <textPadding>0</textPadding>
        <shapeBorderType>SbRectangle</shapeBorderType>
        <triangleType>TdZero</triangleType>
        <dashMode>SdSolid</dashMode>
        <rectangleBorderLeftVisible>True</rectangleBorderLeftVisible>
        <rectangleBorderRightVisible>True</rectangleBorderRightVisible>
        <rectangleBorderTopVisible>True</rectangleBorderTopVisible>
        <rectangleBorderBottomVisible>True</rectangleBorderBottomVisible>
        <radius>8</radius>
        <radiusIsPercent>False</radiusIsPercent>
        <thickness>1</thickness>
      </controlProperties>
    </control>
    <control controlID="0C07C298-83A4-4A8A-847C-CD207F69C4B5" controlTypeID="Shape" isShow="True" caption="%E5%BD%A2%E7%8A%B6" x="0" y="253" w="360" h="202" measuredW="120" measuredH="100" zOrder="10" locked="False" sizeLocked="False">
      <controlProperties>
        <basic color="4294967295" borderVisible="True" borderColor="4284900966" isAutoSize="False" status="MsEnabled" opacity="1" isCommentCom="False" canMove="True" alias="" rotation="0"/>
        <states/>
        <verticalScrollbarShow>False</verticalScrollbarShow>
        <verticalScrollbarProgress>0</verticalScrollbarProgress>
        <horizontalScrollbarShow>False</horizontalScrollbarShow>
        <horizontalScrollbarProgress>0</horizontalScrollbarProgress>
        <links eventType="AtClick" animate="AmNone" animateAutoDelay="0" animateDuration="500">
          <link targetPageID="" linkType="ltPageLink" isApplyIncludePage="False" title="%E9%93%BE%E6%8E%A5">
            <area shape="0" alt="" ID="{0127B85C-52D7-4AFA-A7BA-908CD8F979F7}" coords="(0,0,360,202)"/>
          </link>
        </links>
        <interactiveData>
          <entry title="">
            <area shape="0" alt="" ID="{E0107654-FCC5-48C0-B5CA-3D761C7F2DF8}" coords="(0,0,360,202)"/>
            <events title=""/>
          </entry>
        </interactiveData>
        <textSet textColor="4278190080" textSize="12" textFontFamily="%E5%BE%AE%E8%BD%AF%E9%9B%85%E9%BB%91" lineSpacingMultiple="1" textAlign="HaCenter" textVAlign="VaMiddle" textWordWrap="True" lineSpacing="16" textStyles="[]" useDefaultTextSize="True"/>
        <selectedIndex>-1</selectedIndex>
        <selectedColor>4282501083</selectedColor>
        <textPadding>0</textPadding>
        <shapeBorderType>SbRectangle</shapeBorderType>
        <triangleType>TdZero</triangleType>
        <dashMode>SdSolid</dashMode>
        <rectangleBorderLeftVisible>True</rectangleBorderLeftVisible>
        <rectangleBorderRightVisible>True</rectangleBorderRightVisible>
        <rectangleBorderTopVisible>True</rectangleBorderTopVisible>
        <rectangleBorderBottomVisible>True</rectangleBorderBottomVisible>
        <radius>0</radius>
        <radiusIsPercent>False</radiusIsPercent>
        <thickness>1</thickness>
      </controlProperties>
    </control>
    <control controlID="516B00BF-3A20-40AF-858F-8256984741B8" controlTypeID="Image" isShow="True" caption="%E5%9B%BE%E7%89%87" x="2" y="254" w="112" h="95" measuredW="150" measuredH="150" zOrder="11" locked="False" sizeLocked="False">
      <controlProperties>
        <basic color="4294967295" borderVisible="False" borderColor="4284900966" isAutoSize="False" status="MsEnabled" opacity="1" isCommentCom="False" canMove="True" alias="" rotation="0"/>
        <states/>
        <verticalScrollbarShow>False</verticalScrollbarShow>
        <verticalScrollbarProgress>0</verticalScrollbarProgress>
        <horizontalScrollbarShow>False</horizontalScrollbarShow>
        <horizontalScrollbarProgress>0</horizontalScrollbarProgress>
        <links eventType="AtClick" animate="AmNone" animateAutoDelay="0" animateDuration="500">
          <link targetPageID="" linkType="ltPageLink" isApplyIncludePage="False" title="%E9%93%BE%E6%8E%A5">
            <area shape="0" alt="" ID="{08452D79-F077-4EF1-B78A-FAEFBD612ECA}" coords="(0,0,112,95)"/>
          </link>
        </links>
        <interactiveData>
          <entry title="">
            <area shape="0" alt="" ID="{26A5689E-C3C5-4573-BD8E-712B0E652917}" coords="(0,0,112,95)"/>
            <events title=""/>
          </entry>
        </interactiveData>
        <rotationAngle>TdZero</rotationAngle>
        <clipShapeType>SbRectangle</clipShapeType>
        <radius>0</radius>
        <radiusIsPercent>False</radiusIsPercent>
        <filterType>MfNone</filterType>
        <filterPencilValue>2</filterPencilValue>
        <filterSketchValue>5</filterSketchValue>
        <URL>D756FD203703C3226677149A0C5667F3.png</URL>
        <FlipHorizontal>False</FlipHorizontal>
        <FlipVertical>False</FlipVertical>
        <fitMode>2</fitMode>
      </controlProperties>
    </control>
    <control controlID="C758B20B-A9DC-4FF0-9E39-DBA0B3EE9159" controlTypeID="TextArea" isShow="True" caption="%E5%A4%9A%E8%A1%8C%E6%96%87%E5%AD%97" x="121" y="255" w="229" h="94" measuredW="0" measuredH="126" zOrder="12" locked="False" sizeLocked="False">
      <controlProperties>
        <basic color="16777215" borderVisible="False" borderColor="4284900966" isAutoSize="False" status="MsEnabled" opacity="1" isCommentCom="False" canMove="True" alias="" rotation="0"/>
        <states/>
        <verticalScrollbarShow>False</verticalScrollbarShow>
        <verticalScrollbarProgress>0</verticalScrollbarProgress>
        <horizontalScrollbarShow>False</horizontalScrollbarShow>
        <horizontalScrollbarProgress>0</horizontalScrollbarProgress>
        <links eventType="AtClick" animate="AmNone" animateAutoDelay="0" animateDuration="500">
          <link targetPageID="" linkType="ltPageLink" isApplyIncludePage="False" title="%E9%93%BE%E6%8E%A5">
            <area shape="0" alt="" ID="{56F8CE31-FA77-41EB-B0E4-76B14E6DC6E3}" coords="(0,0,229,94)"/>
          </link>
        </links>
        <interactiveData>
          <entry title="">
            <area shape="0" alt="" ID="{8A38AA52-7A05-4E7B-8062-E0933B4A940F}" coords="(0,0,229,94)"/>
            <events title=""/>
          </entry>
        </interactiveData>
        <textSet textColor="4278190080" textSize="12" textFontFamily="%E5%BE%AE%E8%BD%AF%E9%9B%85%E9%BB%91" lineSpacingMultiple="1" textAlign="HaLeft" textVAlign="VaTop" textWordWrap="True" lineSpacing="16" textStyles="[]" useDefaultTextSize="True">
          <text>++++%E9%99%95%E8%A5%BF%E5%92%B8%E9%98%B3%E7%94%B7%E5%AD%A9%E9%83%AD%E9%93%AD%E6%9D%B0%E4%B8%8D%E5%88%B0%E4%B8%89%E5%B2%81%E6%97%B6%E7%AA%81%E6%82%A3%E7%A5%9E%E7%BB%8F%E6%AF%8D%E7%BB%86%E8%83%9E%E7%98%A4%EF%BC%8C%E5%8C%96%E7%96%97%E6%B2%BB%E6%84%88%E5%90%8E%E4%BA%8E%E4%BB%8A%E5%B9%B48%E6%9C%88%E5%A4%8D%E6%9F%A5%E6%97%B6%E5%8F%91%E7%8E%B0%E8%82%BF%E7%98%A4%E5%A4%8D%E5%8F%91%E3%80%82%E5%AD%A9%E5%AD%90%E6%80%A5%E9%9C%80%E8%BF%9B%E8%A1%8C%E8%87%AA%E4%BD%93%E7%A7%BB%E6%A4%8D%E6%89%8B%E6%9C%AF%E6%9D%A5%E6%8C%BD%E6%95%91%E7%94%9F%E5%91%BD%EF%BC%8C%E7%8E%B0%E5%B7%B2%E5%9C%A8%E8%BF%9B%E8%A1%8C%E7%A7%BB%E6%A4%8D%E5%89%8D%E5%8C%96%E7%96%97%EF%BC%8C%E4%BD%86%E6%98%AF%E8%BF%9B%E4%BB%93%E8%B4%B9%E7%94%A8%E8%BF%98%E6%9C%89%E5%BE%88%E5%A4%A7%E7%BC%BA%E5%8F%A3%EF%BC%8C%E6%B8%B4%E6%B1%82%E5%A5%BD%E5%BF%83%E4%BA%BA%E5%A3%AB%E7%88%B1%E5%BF%83%E5%B8%AE%E5%8A%A9%E3%80%82%0D%0A</text>
        </textSet>
        <selectedIndex>-1</selectedIndex>
        <selectedColor>4282501083</selectedColor>
        <textPadding>0</textPadding>
      </controlProperties>
    </control>
    <control controlID="53315AB3-D6BB-4BE9-BC41-432E123A3387" controlTypeID="Label" isShow="True" caption="%E5%8D%95%E8%A1%8C%E6%96%87%E5%AD%97" x="12" y="358" w="48" h="16" measuredW="0" measuredH="0" zOrder="13" locked="False" sizeLocked="False">
      <controlProperties>
        <basic color="0" borderVisible="True" borderColor="4284900966" isAutoSize="True" status="MsEnabled" opacity="1" isCommentCom="False" canMove="True" alias="" rotation="0"/>
        <states/>
        <verticalScrollbarShow>False</verticalScrollbarShow>
        <verticalScrollbarProgress>0</verticalScrollbarProgress>
        <horizontalScrollbarShow>False</horizontalScrollbarShow>
        <horizontalScrollbarProgress>0</horizontalScrollbarProgress>
        <links eventType="AtClick" animate="AmNone" animateAutoDelay="0" animateDuration="500">
          <link targetPageID="" linkType="ltPageLink" isApplyIncludePage="False" title="%E9%93%BE%E6%8E%A5">
            <area shape="0" alt="" ID="{A7ED56D3-70D8-416F-AADF-157BA541D6A7}" coords="(0,0,48,16)"/>
          </link>
        </links>
        <interactiveData>
          <entry title="">
            <area shape="0" alt="" ID="{07ABD3F5-5942-4BD7-87B2-32203A27CEFE}" coords="(0,0,48,16)"/>
            <events title=""/>
          </entry>
        </interactiveData>
        <textSet textColor="4278190080" textSize="12" textFontFamily="%E5%BE%AE%E8%BD%AF%E9%9B%85%E9%BB%91" lineSpacingMultiple="1" textAlign="HaLeft" textVAlign="VaTop" textWordWrap="True" lineSpacing="16" textStyles="[]" useDefaultTextSize="True">
          <text>%E6%8D%90%E8%B5%A0%E5%8F%8D%E9%A6%88</text>
        </textSet>
        <selectedIndex>-1</selectedIndex>
        <selectedColor>4282501083</selectedColor>
        <textPadding>0</textPadding>
      </controlProperties>
    </control>
    <control controlID="3038A43B-ECB2-4D3E-BB56-73DF0DA0A415" controlTypeID="TextArea" isShow="True" caption="%E5%A4%9A%E8%A1%8C%E6%96%87%E5%AD%97" x="11" y="383" w="338" h="43" measuredW="0" measuredH="126" zOrder="14" locked="False" sizeLocked="False">
      <controlProperties>
        <basic color="16777215" borderVisible="True" borderColor="4284900966" isAutoSize="False" status="MsEnabled" opacity="1" isCommentCom="False" canMove="True" alias="" rotation="0"/>
        <states/>
        <verticalScrollbarShow>False</verticalScrollbarShow>
        <verticalScrollbarProgress>0</verticalScrollbarProgress>
        <horizontalScrollbarShow>False</horizontalScrollbarShow>
        <horizontalScrollbarProgress>0</horizontalScrollbarProgress>
        <links eventType="AtClick" animate="AmNone" animateAutoDelay="0" animateDuration="500">
          <link targetPageID="" linkType="ltPageLink" isApplyIncludePage="False" title="%E9%93%BE%E6%8E%A5">
            <area shape="0" alt="" ID="{44080787-452F-4FF3-8918-D80AC307DCEA}" coords="(0,0,338,43)"/>
          </link>
        </links>
        <interactiveData>
          <entry title="">
            <area shape="0" alt="" ID="{4FC12331-A9FA-4690-A61A-83B6D1D0D85B}" coords="(0,0,338,43)"/>
            <events title=""/>
          </entry>
        </interactiveData>
        <textSet textColor="4288256409" textSize="12" textFontFamily="%E5%BE%AE%E8%BD%AF%E9%9B%85%E9%BB%91" lineSpacingMultiple="1" textAlign="HaLeft" textVAlign="VaTop" textWordWrap="True" lineSpacing="16" textStyles="[]" useDefaultTextSize="True">
          <text>+++%E9%9D%9E%E5%B8%B8%E6%84%9F%E8%B0%A2%E6%84%9F%E8%B0%A2%E9%9D%9E%E5%B8%B8%E6%84%9F%E8%B0%A2%E6%84%9F%E8%B0%A2%E9%9D%9E%E5%B8%B8%E6%84%9F%E8%B0%A2%E6%84%9F%E8%B0%A2%E9%9D%9E%E5%B8%B8%E6%84%9F%E8%B0%A2%E6%84%9F%E8%B0%A2%E9%9D%9E%E5%B8%B8%E6%84%9F%E8%B0%A2%E6%84%9F%E8%B0%A2%E9%9D%9E%E5%B8%B8%E6%84%9F%E8%B0%A2%E6%84%9F%E8%B0%A2%E9%9D%9E%E5%B8%B8%E6%84%9F%E8%B0%A2%E6%84%9F%E8%B0%A2%E3%80%82</text>
        </textSet>
        <selectedIndex>-1</selectedIndex>
        <selectedColor>4282501083</selectedColor>
        <textPadding>0</textPadding>
      </controlProperties>
    </control>
    <control controlID="43B123DC-556C-4B6A-9C53-FE3AF1B7B8BA" controlTypeID="Label" isShow="True" caption="%E5%8D%95%E8%A1%8C%E6%96%87%E5%AD%97" x="270" y="359" w="67" h="16" measuredW="0" measuredH="0" zOrder="15" locked="False" sizeLocked="False">
      <controlProperties>
        <basic color="0" borderVisible="True" borderColor="4284900966" isAutoSize="True" status="MsEnabled" opacity="1" isCommentCom="False" canMove="True" alias="" rotation="0"/>
        <states/>
        <verticalScrollbarShow>False</verticalScrollbarShow>
        <verticalScrollbarProgress>0</verticalScrollbarProgress>
        <horizontalScrollbarShow>False</horizontalScrollbarShow>
        <horizontalScrollbarProgress>0</horizontalScrollbarProgress>
        <links eventType="AtClick" animate="AmNone" animateAutoDelay="0" animateDuration="500">
          <link targetPageID="" linkType="ltPageLink" isApplyIncludePage="False" title="%E9%93%BE%E6%8E%A5">
            <area shape="0" alt="" ID="{26A494E0-CD03-4C05-9D99-213A91F2FDD5}" coords="(0,0,67,16)"/>
          </link>
        </links>
        <interactiveData>
          <entry title="">
            <area shape="0" alt="" ID="{AE87E35E-787F-411B-9814-5009B1E45BF1}" coords="(0,0,67,16)"/>
            <events title=""/>
          </entry>
        </interactiveData>
        <textSet textColor="4278190080" textSize="12" textFontFamily="%E5%BE%AE%E8%BD%AF%E9%9B%85%E9%BB%91" lineSpacingMultiple="1" textAlign="HaLeft" textVAlign="VaTop" textWordWrap="True" lineSpacing="16" textStyles="[]" useDefaultTextSize="True">
          <text>2016-11-16</text>
        </textSet>
        <selectedIndex>-1</selectedIndex>
        <selectedColor>4282501083</selectedColor>
        <textPadding>0</textPadding>
      </controlProperties>
    </control>
    <control controlID="22B47885-E906-4ABB-9765-26DFE7B0D7E0" controlTypeID="Line" isShow="True" caption="%E7%BA%BF%E6%AE%B5" x="9" y="355" w="341" h="1" measuredW="120" measuredH="120" zOrder="16" locked="False" sizeLocked="False">
      <controlProperties>
        <basic color="4284900966" borderVisible="True" borderColor="4284900966" isAutoSize="False" status="MsEnabled" opacity="1" isCommentCom="False" canMove="True" alias="" rotation="0"/>
        <states/>
        <verticalScrollbarShow>False</verticalScrollbarShow>
        <verticalScrollbarProgress>0</verticalScrollbarProgress>
        <horizontalScrollbarShow>False</horizontalScrollbarShow>
        <horizontalScrollbarProgress>0</horizontalScrollbarProgress>
        <links eventType="AtClick" animate="AmNone" animateAutoDelay="0" animateDuration="500">
          <link targetPageID="" linkType="ltPageLink" isApplyIncludePage="False" title="%E9%93%BE%E6%8E%A5">
            <area shape="0" alt="" ID="{ADA5B5B1-7CC5-44A1-BA86-0BC24CBB94CB}" coords="(0,0,341,1)"/>
          </link>
        </links>
        <interactiveData>
          <entry title="">
            <area shape="0" alt="" ID="{27AF6140-0008-471B-B312-F9B1DBF634E0}" coords="(0,0,341,1)"/>
            <events title=""/>
          </entry>
        </interactiveData>
        <textSet textColor="4278190080" textSize="12" textFontFamily="%E5%BE%AE%E8%BD%AF%E9%9B%85%E9%BB%91" lineSpacingMultiple="1" textAlign="HaCenter" textVAlign="VaTop" textWordWrap="True" lineSpacing="16" textStyles="[]" useDefaultTextSize="True"/>
        <selectedIndex>-1</selectedIndex>
        <selectedColor>4282501083</selectedColor>
        <textPadding>0</textPadding>
        <controlPoint>(170.5,0)</controlPoint>
        <startPoint>(0,0)</startPoint>
        <endPoint>(341,0)</endPoint>
        <thickness>1</thickness>
        <dashMode>SdSolid</dashMode>
        <textBackgroundColor>4294967295</textBackgroundColor>
        <textBorderColor>4284900966</textBorderColor>
        <showStartArrow>0</showStartArrow>
        <showEndArrow>0</showEndArrow>
        <isCurved>True</isCurved>
        <isTextPosCenter>True</isTextPosCenter>
      </controlProperties>
    </control>
    <control controlID="D47663A2-14DE-434B-BC66-E5A3B80C3E47" controlTypeID="Line" isShow="True" caption="%E7%BA%BF%E6%AE%B5" x="10" y="381" w="339" h="1" measuredW="120" measuredH="120" zOrder="17" locked="False" sizeLocked="False">
      <controlProperties>
        <basic color="4284900966" borderVisible="True" borderColor="4284900966" isAutoSize="False" status="MsEnabled" opacity="1" isCommentCom="False" canMove="True" alias="" rotation="0"/>
        <states/>
        <verticalScrollbarShow>False</verticalScrollbarShow>
        <verticalScrollbarProgress>0</verticalScrollbarProgress>
        <horizontalScrollbarShow>False</horizontalScrollbarShow>
        <horizontalScrollbarProgress>0</horizontalScrollbarProgress>
        <links eventType="AtClick" animate="AmNone" animateAutoDelay="0" animateDuration="500">
          <link targetPageID="" linkType="ltPageLink" isApplyIncludePage="False" title="%E9%93%BE%E6%8E%A5">
            <area shape="0" alt="" ID="{F69F07B7-795A-40D3-BD42-BD09B86A2568}" coords="(0,0,339,1)"/>
          </link>
        </links>
        <interactiveData>
          <entry title="">
            <area shape="0" alt="" ID="{8A3EADC5-8471-4E32-811D-63A54611E506}" coords="(0,0,339,1)"/>
            <events title=""/>
          </entry>
        </interactiveData>
        <textSet textColor="4278190080" textSize="12" textFontFamily="%E5%BE%AE%E8%BD%AF%E9%9B%85%E9%BB%91" lineSpacingMultiple="1" textAlign="HaCenter" textVAlign="VaTop" textWordWrap="True" lineSpacing="16" textStyles="[]" useDefaultTextSize="True"/>
        <selectedIndex>-1</selectedIndex>
        <selectedColor>4282501083</selectedColor>
        <textPadding>0</textPadding>
        <controlPoint>(169.5,0)</controlPoint>
        <startPoint>(0,0)</startPoint>
        <endPoint>(339,0)</endPoint>
        <thickness>1</thickness>
        <dashMode>SdSolid</dashMode>
        <textBackgroundColor>4294967295</textBackgroundColor>
        <textBorderColor>4284900966</textBorderColor>
        <showStartArrow>0</showStartArrow>
        <showEndArrow>0</showEndArrow>
        <isCurved>True</isCurved>
        <isTextPosCenter>True</isTextPosCenter>
      </controlProperties>
    </control>
    <control controlID="2755D650-F945-48A2-871B-DD7D9C147ECC" controlTypeID="Shape" isShow="True" caption="%E5%BD%A2%E7%8A%B6" x="10" y="428" w="339" h="24" measuredW="120" measuredH="100" zOrder="18" locked="False" sizeLocked="False">
      <controlProperties>
        <basic color="4294901760" borderVisible="True" borderColor="4284900966" isAutoSize="False" status="MsEnabled" opacity="1" isCommentCom="False" canMove="True" alias="" rotation="0"/>
        <states/>
        <verticalScrollbarShow>False</verticalScrollbarShow>
        <verticalScrollbarProgress>0</verticalScrollbarProgress>
        <horizontalScrollbarShow>False</horizontalScrollbarShow>
        <horizontalScrollbarProgress>0</horizontalScrollbarProgress>
        <links eventType="AtClick" animate="AmNone" animateAutoDelay="0" animateDuration="500">
          <link targetPageID="" linkType="ltPageLink" isApplyIncludePage="False" title="%E9%93%BE%E6%8E%A5">
            <area shape="0" alt="" ID="{FA4E952F-416A-4D8F-959E-57542EE8AB57}" coords="(0,0,339,24)"/>
          </link>
        </links>
        <interactiveData>
          <entry title="">
            <area shape="0" alt="" ID="{C82D8C89-8533-47B1-9F31-3158BF13C673}" coords="(0,0,339,24)"/>
            <events title=""/>
          </entry>
        </interactiveData>
        <textSet textColor="4294967295" textSize="16" textFontFamily="%E5%BE%AE%E8%BD%AF%E9%9B%85%E9%BB%91" lineSpacingMultiple="1" textAlign="HaCenter" textVAlign="VaMiddle" textWordWrap="True" lineSpacing="21" textStyles="[]" useDefaultTextSize="False">
          <text>%E7%BB%A7%E7%BB%AD%E6%8D%90%E8%B5%A0</text>
        </textSet>
        <selectedIndex>-1</selectedIndex>
        <selectedColor>4282501083</selectedColor>
        <textPadding>0</textPadding>
        <shapeBorderType>SbRectangle</shapeBorderType>
        <triangleType>TdZero</triangleType>
        <dashMode>SdSolid</dashMode>
        <rectangleBorderLeftVisible>True</rectangleBorderLeftVisible>
        <rectangleBorderRightVisible>True</rectangleBorderRightVisible>
        <rectangleBorderTopVisible>True</rectangleBorderTopVisible>
        <rectangleBorderBottomVisible>True</rectangleBorderBottomVisible>
        <radius>8</radius>
        <radiusIsPercent>False</radiusIsPercent>
        <thickness>1</thickness>
      </controlProperties>
    </control>
    <control controlID="811AB2EF-8CA3-4EE2-9AFE-64E60FE25959" controlTypeID="Shape" isShow="True" caption="%E5%BD%A2%E7%8A%B6" x="0" y="455" w="360" h="198" measuredW="120" measuredH="100" zOrder="19" locked="False" sizeLocked="False">
      <controlProperties>
        <basic color="4294967295" borderVisible="True" borderColor="4284900966" isAutoSize="False" status="MsEnabled" opacity="1" isCommentCom="False" canMove="True" alias="" rotation="0"/>
        <states/>
        <verticalScrollbarShow>False</verticalScrollbarShow>
        <verticalScrollbarProgress>0</verticalScrollbarProgress>
        <horizontalScrollbarShow>False</horizontalScrollbarShow>
        <horizontalScrollbarProgress>0</horizontalScrollbarProgress>
        <links eventType="AtClick" animate="AmNone" animateAutoDelay="0" animateDuration="500">
          <link targetPageID="" linkType="ltPageLink" isApplyIncludePage="False" title="%E9%93%BE%E6%8E%A5">
            <area shape="0" alt="" ID="{0127B85C-52D7-4AFA-A7BA-908CD8F979F7}" coords="(0,0,360,198)"/>
          </link>
        </links>
        <interactiveData>
          <entry title="">
            <area shape="0" alt="" ID="{E0107654-FCC5-48C0-B5CA-3D761C7F2DF8}" coords="(0,0,360,198)"/>
            <events title=""/>
          </entry>
        </interactiveData>
        <textSet textColor="4278190080" textSize="12" textFontFamily="%E5%BE%AE%E8%BD%AF%E9%9B%85%E9%BB%91" lineSpacingMultiple="1" textAlign="HaCenter" textVAlign="VaMiddle" textWordWrap="True" lineSpacing="16" textStyles="[]" useDefaultTextSize="True"/>
        <selectedIndex>-1</selectedIndex>
        <selectedColor>4282501083</selectedColor>
        <textPadding>0</textPadding>
        <shapeBorderType>SbRectangle</shapeBorderType>
        <triangleType>TdZero</triangleType>
        <dashMode>SdSolid</dashMode>
        <rectangleBorderLeftVisible>True</rectangleBorderLeftVisible>
        <rectangleBorderRightVisible>True</rectangleBorderRightVisible>
        <rectangleBorderTopVisible>True</rectangleBorderTopVisible>
        <rectangleBorderBottomVisible>True</rectangleBorderBottomVisible>
        <radius>0</radius>
        <radiusIsPercent>False</radiusIsPercent>
        <thickness>1</thickness>
      </controlProperties>
    </control>
    <control controlID="03EF1784-AB3B-49A4-9864-A334609AB571" controlTypeID="Image" isShow="True" caption="%E5%9B%BE%E7%89%87" x="2" y="456" w="112" h="91" measuredW="150" measuredH="150" zOrder="20" locked="False" sizeLocked="False">
      <controlProperties>
        <basic color="4294967295" borderVisible="False" borderColor="4284900966" isAutoSize="False" status="MsEnabled" opacity="1" isCommentCom="False" canMove="True" alias="" rotation="0"/>
        <states/>
        <verticalScrollbarShow>False</verticalScrollbarShow>
        <verticalScrollbarProgress>0</verticalScrollbarProgress>
        <horizontalScrollbarShow>False</horizontalScrollbarShow>
        <horizontalScrollbarProgress>0</horizontalScrollbarProgress>
        <links eventType="AtClick" animate="AmNone" animateAutoDelay="0" animateDuration="500">
          <link targetPageID="" linkType="ltPageLink" isApplyIncludePage="False" title="%E9%93%BE%E6%8E%A5">
            <area shape="0" alt="" ID="{08452D79-F077-4EF1-B78A-FAEFBD612ECA}" coords="(0,0,112,91)"/>
          </link>
        </links>
        <interactiveData>
          <entry title="">
            <area shape="0" alt="" ID="{26A5689E-C3C5-4573-BD8E-712B0E652917}" coords="(0,0,112,91)"/>
            <events title=""/>
          </entry>
        </interactiveData>
        <rotationAngle>TdZero</rotationAngle>
        <clipShapeType>SbRectangle</clipShapeType>
        <radius>0</radius>
        <radiusIsPercent>False</radiusIsPercent>
        <filterType>MfNone</filterType>
        <filterPencilValue>2</filterPencilValue>
        <filterSketchValue>5</filterSketchValue>
        <URL>D756FD203703C3226677149A0C5667F3.png</URL>
        <FlipHorizontal>False</FlipHorizontal>
        <FlipVertical>False</FlipVertical>
        <fitMode>2</fitMode>
      </controlProperties>
    </control>
    <control controlID="1B93DE3B-E95C-430E-8AE7-2144AC78D9E6" controlTypeID="TextArea" isShow="True" caption="%E5%A4%9A%E8%A1%8C%E6%96%87%E5%AD%97" x="121" y="457" w="229" h="90" measuredW="0" measuredH="126" zOrder="21" locked="False" sizeLocked="False">
      <controlProperties>
        <basic color="16777215" borderVisible="False" borderColor="4284900966" isAutoSize="False" status="MsEnabled" opacity="1" isCommentCom="False" canMove="True" alias="" rotation="0"/>
        <states/>
        <verticalScrollbarShow>False</verticalScrollbarShow>
        <verticalScrollbarProgress>0</verticalScrollbarProgress>
        <horizontalScrollbarShow>False</horizontalScrollbarShow>
        <horizontalScrollbarProgress>0</horizontalScrollbarProgress>
        <links eventType="AtClick" animate="AmNone" animateAutoDelay="0" animateDuration="500">
          <link targetPageID="" linkType="ltPageLink" isApplyIncludePage="False" title="%E9%93%BE%E6%8E%A5">
            <area shape="0" alt="" ID="{56F8CE31-FA77-41EB-B0E4-76B14E6DC6E3}" coords="(0,0,229,90)"/>
          </link>
        </links>
        <interactiveData>
          <entry title="">
            <area shape="0" alt="" ID="{8A38AA52-7A05-4E7B-8062-E0933B4A940F}" coords="(0,0,229,90)"/>
            <events title=""/>
          </entry>
        </interactiveData>
        <textSet textColor="4278190080" textSize="12" textFontFamily="%E5%BE%AE%E8%BD%AF%E9%9B%85%E9%BB%91" lineSpacingMultiple="1" textAlign="HaLeft" textVAlign="VaTop" textWordWrap="True" lineSpacing="16" textStyles="[]" useDefaultTextSize="True">
          <text>++++%E9%99%95%E8%A5%BF%E5%92%B8%E9%98%B3%E7%94%B7%E5%AD%A9%E9%83%AD%E9%93%AD%E6%9D%B0%E4%B8%8D%E5%88%B0%E4%B8%89%E5%B2%81%E6%97%B6%E7%AA%81%E6%82%A3%E7%A5%9E%E7%BB%8F%E6%AF%8D%E7%BB%86%E8%83%9E%E7%98%A4%EF%BC%8C%E5%8C%96%E7%96%97%E6%B2%BB%E6%84%88%E5%90%8E%E4%BA%8E%E4%BB%8A%E5%B9%B48%E6%9C%88%E5%A4%8D%E6%9F%A5%E6%97%B6%E5%8F%91%E7%8E%B0%E8%82%BF%E7%98%A4%E5%A4%8D%E5%8F%91%E3%80%82%E5%AD%A9%E5%AD%90%E6%80%A5%E9%9C%80%E8%BF%9B%E8%A1%8C%E8%87%AA%E4%BD%93%E7%A7%BB%E6%A4%8D%E6%89%8B%E6%9C%AF%E6%9D%A5%E6%8C%BD%E6%95%91%E7%94%9F%E5%91%BD%EF%BC%8C%E7%8E%B0%E5%B7%B2%E5%9C%A8%E8%BF%9B%E8%A1%8C%E7%A7%BB%E6%A4%8D%E5%89%8D%E5%8C%96%E7%96%97%EF%BC%8C%E4%BD%86%E6%98%AF%E8%BF%9B%E4%BB%93%E8%B4%B9%E7%94%A8%E8%BF%98%E6%9C%89%E5%BE%88%E5%A4%A7%E7%BC%BA%E5%8F%A3%EF%BC%8C%E6%B8%B4%E6%B1%82%E5%A5%BD%E5%BF%83%E4%BA%BA%E5%A3%AB%E7%88%B1%E5%BF%83%E5%B8%AE%E5%8A%A9%E3%80%82%0D%0A</text>
        </textSet>
        <selectedIndex>-1</selectedIndex>
        <selectedColor>4282501083</selectedColor>
        <textPadding>0</textPadding>
      </controlProperties>
    </control>
    <control controlID="DEDA05ED-9EAE-4F68-801E-DED5CCE6417E" controlTypeID="Label" isShow="True" caption="%E5%8D%95%E8%A1%8C%E6%96%87%E5%AD%97" x="12" y="556" w="48" h="16" measuredW="0" measuredH="0" zOrder="22" locked="False" sizeLocked="False">
      <controlProperties>
        <basic color="0" borderVisible="True" borderColor="4284900966" isAutoSize="True" status="MsEnabled" opacity="1" isCommentCom="False" canMove="True" alias="" rotation="0"/>
        <states/>
        <verticalScrollbarShow>False</verticalScrollbarShow>
        <verticalScrollbarProgress>0</verticalScrollbarProgress>
        <horizontalScrollbarShow>False</horizontalScrollbarShow>
        <horizontalScrollbarProgress>0</horizontalScrollbarProgress>
        <links eventType="AtClick" animate="AmNone" animateAutoDelay="0" animateDuration="500">
          <link targetPageID="" linkType="ltPageLink" isApplyIncludePage="False" title="%E9%93%BE%E6%8E%A5">
            <area shape="0" alt="" ID="{A7ED56D3-70D8-416F-AADF-157BA541D6A7}" coords="(0,0,48,16)"/>
          </link>
        </links>
        <interactiveData>
          <entry title="">
            <area shape="0" alt="" ID="{07ABD3F5-5942-4BD7-87B2-32203A27CEFE}" coords="(0,0,48,16)"/>
            <events title=""/>
          </entry>
        </interactiveData>
        <textSet textColor="4278190080" textSize="12" textFontFamily="%E5%BE%AE%E8%BD%AF%E9%9B%85%E9%BB%91" lineSpacingMultiple="1" textAlign="HaLeft" textVAlign="VaTop" textWordWrap="True" lineSpacing="16" textStyles="[]" useDefaultTextSize="True">
          <text>%E6%8D%90%E8%B5%A0%E5%8F%8D%E9%A6%88</text>
        </textSet>
        <selectedIndex>-1</selectedIndex>
        <selectedColor>4282501083</selectedColor>
        <textPadding>0</textPadding>
      </controlProperties>
    </control>
    <control controlID="DE0AF5BB-92E7-4161-A6A5-20B00C1ADB4D" controlTypeID="TextArea" isShow="True" caption="%E5%A4%9A%E8%A1%8C%E6%96%87%E5%AD%97" x="11" y="580" w="338" h="41" measuredW="0" measuredH="126" zOrder="23" locked="False" sizeLocked="False">
      <controlProperties>
        <basic color="16777215" borderVisible="True" borderColor="4284900966" isAutoSize="False" status="MsEnabled" opacity="1" isCommentCom="False" canMove="True" alias="" rotation="0"/>
        <states/>
        <verticalScrollbarShow>False</verticalScrollbarShow>
        <verticalScrollbarProgress>0</verticalScrollbarProgress>
        <horizontalScrollbarShow>False</horizontalScrollbarShow>
        <horizontalScrollbarProgress>0</horizontalScrollbarProgress>
        <links eventType="AtClick" animate="AmNone" animateAutoDelay="0" animateDuration="500">
          <link targetPageID="" linkType="ltPageLink" isApplyIncludePage="False" title="%E9%93%BE%E6%8E%A5">
            <area shape="0" alt="" ID="{44080787-452F-4FF3-8918-D80AC307DCEA}" coords="(0,0,338,41)"/>
          </link>
        </links>
        <interactiveData>
          <entry title="">
            <area shape="0" alt="" ID="{4FC12331-A9FA-4690-A61A-83B6D1D0D85B}" coords="(0,0,338,41)"/>
            <events title=""/>
          </entry>
        </interactiveData>
        <textSet textColor="4288256409" textSize="12" textFontFamily="%E5%BE%AE%E8%BD%AF%E9%9B%85%E9%BB%91" lineSpacingMultiple="1" textAlign="HaLeft" textVAlign="VaTop" textWordWrap="True" lineSpacing="16" textStyles="[]" useDefaultTextSize="True">
          <text>+++%E9%9D%9E%E5%B8%B8%E6%84%9F%E8%B0%A2%E6%84%9F%E8%B0%A2%E9%9D%9E%E5%B8%B8%E6%84%9F%E8%B0%A2%E6%84%9F%E8%B0%A2%E9%9D%9E%E5%B8%B8%E6%84%9F%E8%B0%A2%E6%84%9F%E8%B0%A2%E9%9D%9E%E5%B8%B8%E6%84%9F%E8%B0%A2%E6%84%9F%E8%B0%A2%E9%9D%9E%E5%B8%B8%E6%84%9F%E8%B0%A2%E6%84%9F%E8%B0%A2%E9%9D%9E%E5%B8%B8%E6%84%9F%E8%B0%A2%E6%84%9F%E8%B0%A2%E9%9D%9E%E5%B8%B8%E6%84%9F%E8%B0%A2%E6%84%9F%E8%B0%A2%E3%80%82</text>
        </textSet>
        <selectedIndex>-1</selectedIndex>
        <selectedColor>4282501083</selectedColor>
        <textPadding>0</textPadding>
      </controlProperties>
    </control>
    <control controlID="ECA04051-CEC4-49E8-8C0C-23C5C779C28C" controlTypeID="Label" isShow="True" caption="%E5%8D%95%E8%A1%8C%E6%96%87%E5%AD%97" x="270" y="557" w="67" h="16" measuredW="0" measuredH="0" zOrder="24" locked="False" sizeLocked="False">
      <controlProperties>
        <basic color="0" borderVisible="True" borderColor="4284900966" isAutoSize="True" status="MsEnabled" opacity="1" isCommentCom="False" canMove="True" alias="" rotation="0"/>
        <states/>
        <verticalScrollbarShow>False</verticalScrollbarShow>
        <verticalScrollbarProgress>0</verticalScrollbarProgress>
        <horizontalScrollbarShow>False</horizontalScrollbarShow>
        <horizontalScrollbarProgress>0</horizontalScrollbarProgress>
        <links eventType="AtClick" animate="AmNone" animateAutoDelay="0" animateDuration="500">
          <link targetPageID="" linkType="ltPageLink" isApplyIncludePage="False" title="%E9%93%BE%E6%8E%A5">
            <area shape="0" alt="" ID="{26A494E0-CD03-4C05-9D99-213A91F2FDD5}" coords="(0,0,67,16)"/>
          </link>
        </links>
        <interactiveData>
          <entry title="">
            <area shape="0" alt="" ID="{AE87E35E-787F-411B-9814-5009B1E45BF1}" coords="(0,0,67,16)"/>
            <events title=""/>
          </entry>
        </interactiveData>
        <textSet textColor="4278190080" textSize="12" textFontFamily="%E5%BE%AE%E8%BD%AF%E9%9B%85%E9%BB%91" lineSpacingMultiple="1" textAlign="HaLeft" textVAlign="VaTop" textWordWrap="True" lineSpacing="16" textStyles="[]" useDefaultTextSize="True">
          <text>2016-11-16</text>
        </textSet>
        <selectedIndex>-1</selectedIndex>
        <selectedColor>4282501083</selectedColor>
        <textPadding>0</textPadding>
      </controlProperties>
    </control>
    <control controlID="71F52616-35A2-40B3-94A6-4FFC24AA7510" controlTypeID="Line" isShow="True" caption="%E7%BA%BF%E6%AE%B5" x="9" y="553" w="341" h="1" measuredW="120" measuredH="120" zOrder="25" locked="False" sizeLocked="False">
      <controlProperties>
        <basic color="4284900966" borderVisible="True" borderColor="4284900966" isAutoSize="False" status="MsEnabled" opacity="1" isCommentCom="False" canMove="True" alias="" rotation="0"/>
        <states/>
        <verticalScrollbarShow>False</verticalScrollbarShow>
        <verticalScrollbarProgress>0</verticalScrollbarProgress>
        <horizontalScrollbarShow>False</horizontalScrollbarShow>
        <horizontalScrollbarProgress>0</horizontalScrollbarProgress>
        <links eventType="AtClick" animate="AmNone" animateAutoDelay="0" animateDuration="500">
          <link targetPageID="" linkType="ltPageLink" isApplyIncludePage="False" title="%E9%93%BE%E6%8E%A5">
            <area shape="0" alt="" ID="{ADA5B5B1-7CC5-44A1-BA86-0BC24CBB94CB}" coords="(0,0,341,1)"/>
          </link>
        </links>
        <interactiveData>
          <entry title="">
            <area shape="0" alt="" ID="{27AF6140-0008-471B-B312-F9B1DBF634E0}" coords="(0,0,341,1)"/>
            <events title=""/>
          </entry>
        </interactiveData>
        <textSet textColor="4278190080" textSize="12" textFontFamily="%E5%BE%AE%E8%BD%AF%E9%9B%85%E9%BB%91" lineSpacingMultiple="1" textAlign="HaCenter" textVAlign="VaTop" textWordWrap="True" lineSpacing="16" textStyles="[]" useDefaultTextSize="True"/>
        <selectedIndex>-1</selectedIndex>
        <selectedColor>4282501083</selectedColor>
        <textPadding>0</textPadding>
        <controlPoint>(170.5,0)</controlPoint>
        <startPoint>(0,0)</startPoint>
        <endPoint>(341,0)</endPoint>
        <thickness>1</thickness>
        <dashMode>SdSolid</dashMode>
        <textBackgroundColor>4294967295</textBackgroundColor>
        <textBorderColor>4284900966</textBorderColor>
        <showStartArrow>0</showStartArrow>
        <showEndArrow>0</showEndArrow>
        <isCurved>True</isCurved>
        <isTextPosCenter>True</isTextPosCenter>
      </controlProperties>
    </control>
    <control controlID="953CAAFC-4F32-49BB-8237-33E62B1FFFCB" controlTypeID="Line" isShow="True" caption="%E7%BA%BF%E6%AE%B5" x="10" y="578" w="339" h="1" measuredW="120" measuredH="120" zOrder="26" locked="False" sizeLocked="False">
      <controlProperties>
        <basic color="4284900966" borderVisible="True" borderColor="4284900966" isAutoSize="False" status="MsEnabled" opacity="1" isCommentCom="False" canMove="True" alias="" rotation="0"/>
        <states/>
        <verticalScrollbarShow>False</verticalScrollbarShow>
        <verticalScrollbarProgress>0</verticalScrollbarProgress>
        <horizontalScrollbarShow>False</horizontalScrollbarShow>
        <horizontalScrollbarProgress>0</horizontalScrollbarProgress>
        <links eventType="AtClick" animate="AmNone" animateAutoDelay="0" animateDuration="500">
          <link targetPageID="" linkType="ltPageLink" isApplyIncludePage="False" title="%E9%93%BE%E6%8E%A5">
            <area shape="0" alt="" ID="{F69F07B7-795A-40D3-BD42-BD09B86A2568}" coords="(0,0,339,1)"/>
          </link>
        </links>
        <interactiveData>
          <entry title="">
            <area shape="0" alt="" ID="{8A3EADC5-8471-4E32-811D-63A54611E506}" coords="(0,0,339,1)"/>
            <events title=""/>
          </entry>
        </interactiveData>
        <textSet textColor="4278190080" textSize="12" textFontFamily="%E5%BE%AE%E8%BD%AF%E9%9B%85%E9%BB%91" lineSpacingMultiple="1" textAlign="HaCenter" textVAlign="VaTop" textWordWrap="True" lineSpacing="16" textStyles="[]" useDefaultTextSize="True"/>
        <selectedIndex>-1</selectedIndex>
        <selectedColor>4282501083</selectedColor>
        <textPadding>0</textPadding>
        <controlPoint>(169.5,0)</controlPoint>
        <startPoint>(0,0)</startPoint>
        <endPoint>(339,0)</endPoint>
        <thickness>1</thickness>
        <dashMode>SdSolid</dashMode>
        <textBackgroundColor>4294967295</textBackgroundColor>
        <textBorderColor>4284900966</textBorderColor>
        <showStartArrow>0</showStartArrow>
        <showEndArrow>0</showEndArrow>
        <isCurved>True</isCurved>
        <isTextPosCenter>True</isTextPosCenter>
      </controlProperties>
    </control>
    <control controlID="63730251-C4B1-47AA-9A43-7DC5FD756A8F" controlTypeID="Shape" isShow="True" caption="%E5%BD%A2%E7%8A%B6" x="9" y="625" w="339" h="23" measuredW="120" measuredH="100" zOrder="27" locked="False" sizeLocked="False">
      <controlProperties>
        <basic color="4294901760" borderVisible="True" borderColor="4284900966" isAutoSize="False" status="MsEnabled" opacity="1" isCommentCom="False" canMove="True" alias="" rotation="0"/>
        <states/>
        <verticalScrollbarShow>False</verticalScrollbarShow>
        <verticalScrollbarProgress>0</verticalScrollbarProgress>
        <horizontalScrollbarShow>False</horizontalScrollbarShow>
        <horizontalScrollbarProgress>0</horizontalScrollbarProgress>
        <links eventType="AtClick" animate="AmNone" animateAutoDelay="0" animateDuration="500">
          <link targetPageID="" linkType="ltPageLink" isApplyIncludePage="False" title="%E9%93%BE%E6%8E%A5">
            <area shape="0" alt="" ID="{FA4E952F-416A-4D8F-959E-57542EE8AB57}" coords="(0,0,339,23)"/>
          </link>
        </links>
        <interactiveData>
          <entry title="">
            <area shape="0" alt="" ID="{C82D8C89-8533-47B1-9F31-3158BF13C673}" coords="(0,0,339,23)"/>
            <events title=""/>
          </entry>
        </interactiveData>
        <textSet textColor="4294967295" textSize="16" textFontFamily="%E5%BE%AE%E8%BD%AF%E9%9B%85%E9%BB%91" lineSpacingMultiple="1" textAlign="HaCenter" textVAlign="VaMiddle" textWordWrap="True" lineSpacing="21" textStyles="[]" useDefaultTextSize="False">
          <text>%E7%BB%A7%E7%BB%AD%E6%8D%90%E8%B5%A0</text>
        </textSet>
        <selectedIndex>-1</selectedIndex>
        <selectedColor>4282501083</selectedColor>
        <textPadding>0</textPadding>
        <shapeBorderType>SbRectangle</shapeBorderType>
        <triangleType>TdZero</triangleType>
        <dashMode>SdSolid</dashMode>
        <rectangleBorderLeftVisible>True</rectangleBorderLeftVisible>
        <rectangleBorderRightVisible>True</rectangleBorderRightVisible>
        <rectangleBorderTopVisible>True</rectangleBorderTopVisible>
        <rectangleBorderBottomVisible>True</rectangleBorderBottomVisible>
        <radius>8</radius>
        <radiusIsPercent>False</radiusIsPercent>
        <thickness>1</thickness>
      </controlProperties>
    </control>
    <control controlID="652203CF-38FF-4A39-A512-34A96AA4772A" controlTypeID="ModalScreen" isShow="True" caption="%E9%81%AE%E7%BD%A9" x="1" y="0" w="360" h="653" measuredW="318" measuredH="240" zOrder="28" locked="False" sizeLocked="False">
      <controlProperties>
        <basic color="1711276032" borderVisible="True" borderColor="4284900966" isAutoSize="False" status="MsEnabled" opacity="1" isCommentCom="False" canMove="True" alias="" rotation="0"/>
        <states/>
        <verticalScrollbarShow>False</verticalScrollbarShow>
        <verticalScrollbarProgress>0</verticalScrollbarProgress>
        <horizontalScrollbarShow>False</horizontalScrollbarShow>
        <horizontalScrollbarProgress>0</horizontalScrollbarProgress>
        <links eventType="AtClick" animate="AmNone" animateAutoDelay="0" animateDuration="500">
          <link targetPageID="" linkType="ltPageLink" isApplyIncludePage="False" title="%E9%93%BE%E6%8E%A5">
            <area shape="0" alt="" ID="{3BE1E5F8-F0E1-4B75-A02B-4AF7B1B06AAC}" coords="(0,0,360,653)"/>
          </link>
        </links>
        <interactiveData>
          <entry title="">
            <area shape="0" alt="" ID="{E629B396-92B7-4CB2-B931-591C24A584C9}" coords="(0,0,360,653)"/>
            <events title=""/>
          </entry>
        </interactiveData>
      </controlProperties>
    </control>
    <control controlID="76122127-0261-4D9D-8B6D-C20EBDAF61C8" controlTypeID="TextArea" isShow="True" caption="%E5%A4%9A%E8%A1%8C%E6%96%87%E5%AD%97" x="70" y="262" w="240" h="117" measuredW="0" measuredH="126" zOrder="29" locked="False" sizeLocked="False">
      <controlProperties>
        <basic color="16777215" borderVisible="False" borderColor="4284900966" isAutoSize="False" status="MsEnabled" opacity="1" isCommentCom="False" canMove="True" alias="" rotation="0"/>
        <states/>
        <verticalScrollbarShow>False</verticalScrollbarShow>
        <verticalScrollbarProgress>0</verticalScrollbarProgress>
        <horizontalScrollbarShow>False</horizontalScrollbarShow>
        <horizontalScrollbarProgress>0</horizontalScrollbarProgress>
        <links eventType="AtClick" animate="AmNone" animateAutoDelay="0" animateDuration="500">
          <link targetPageID="" linkType="ltPageLink" isApplyIncludePage="False" title="%E9%93%BE%E6%8E%A5">
            <area shape="0" alt="" ID="{C5ECF8C9-2691-4266-94B9-5F6012868410}" coords="(0,0,240,117)"/>
          </link>
        </links>
        <interactiveData>
          <entry title="">
            <area shape="0" alt="" ID="{5ECD1AA8-981E-4251-9B66-35E0DA20BA55}" coords="(0,0,240,117)"/>
            <events title=""/>
          </entry>
        </interactiveData>
        <textSet textColor="4294967040" textSize="12" textFontFamily="%E5%BE%AE%E8%BD%AF%E9%9B%85%E9%BB%91" lineSpacingMultiple="1" textAlign="HaLeft" textVAlign="VaTop" textWordWrap="True" lineSpacing="16" textStyles="[]" useDefaultTextSize="True">
          <text>+++%E9%9D%9E%E5%B8%B8%E6%84%9F%E8%B0%A2%E6%84%9F%E8%B0%A2%E9%9D%9E%E5%B8%B8%E6%84%9F%E8%B0%A2%E6%84%9F%E8%B0%A2%E9%9D%9E%E5%B8%B8%E6%84%9F%E8%B0%A2%E6%84%9F%E8%B0%A2%E9%9D%9E%E5%B8%B8%E6%84%9F%E8%B0%A2%E6%84%9F%E8%B0%A2%E9%9D%9E%E5%B8%B8%E6%84%9F%E8%B0%A2%E6%84%9F%E8%B0%A2%E9%9D%9E%E5%B8%B8%E6%84%9F%E8%B0%A2%E6%84%9F%E8%B0%A2%E9%9D%9E%E5%B8%B8%E6%84%9F%E8%B0%A2%E6%84%9F%E8%B0%A2</text>
        </textSet>
        <selectedIndex>-1</selectedIndex>
        <selectedColor>4282501083</selectedColor>
        <textPadding>0</textPadding>
      </controlProperties>
    </control>
  </controls>
  <param>
    <backgroundColor>4294967295</backgroundColor>
    <fontFamily/>
    <guideLines/>
  </param>
</mockup>