﻿<mockup version="4.2" platform="MtMobile" defaultW="360" defaultH="640" from="FmLocal" screenOrientation="MoPortrait" mobileScreenScale="1.77777779102325" minAllowVersion="4.1" ID="C267E6FF-8A7A-45E2-83A3-14E3507BE2DA" measureW="360" measureH="640">
  <controls controlCount="20">
    <control controlID="EABB30AF-E387-4058-A3EF-EE33A91C4B37" controlTypeID="Shape" isShow="True" caption="%E5%BD%A2%E7%8A%B6" x="0" y="0" w="360" h="49" measuredW="120" measuredH="100" zOrder="0" locked="False" sizeLocked="False">
      <controlProperties>
        <basic color="4291559424" borderVisible="True" borderColor="4284900966" isAutoSize="False" status="MsEnabled" opacity="1" isCommentCom="False" canMove="True" alias="" rotation="0"/>
        <states/>
        <verticalScrollbarShow>False</verticalScrollbarShow>
        <verticalScrollbarProgress>0</verticalScrollbarProgress>
        <horizontalScrollbarShow>False</horizontalScrollbarShow>
        <horizontalScrollbarProgress>0</horizontalScrollbarProgress>
        <links eventType="AtClick" animate="AmNone" animateAutoDelay="0" animateDuration="500">
          <link targetPageID="" linkType="ltPageLink" isApplyIncludePage="False" title="%E9%93%BE%E6%8E%A5">
            <area shape="0" alt="" ID="{9C74B11B-6495-4FB2-BFAE-6898141F3B54}" coords="(0,0,360,49)"/>
          </link>
        </links>
        <interactiveData>
          <entry title="">
            <area shape="0" alt="" ID="{06EA3D95-D0D0-4A4F-8DF8-E4C1DB5D1CAF}" coords="(0,0,360,49)"/>
            <events title=""/>
          </entry>
        </interactiveData>
        <textSet textColor="4294967295" textSize="18" textFontFamily="%E5%BE%AE%E8%BD%AF%E9%9B%85%E9%BB%91" lineSpacingMultiple="1" textAlign="HaCenter" textVAlign="VaMiddle" textWordWrap="True" lineSpacing="24" textStyles="[]" useDefaultTextSize="False">
          <text>%E7%BB%91%E5%AE%9A%E9%93%B6%E8%A1%8C%E5%8D%A1</text>
        </textSet>
        <selectedIndex>-1</selectedIndex>
        <selectedColor>4282501083</selectedColor>
        <textPadding>0</textPadding>
        <shapeBorderType>SbRectangle</shapeBorderType>
        <triangleType>TdZero</triangleType>
        <dashMode>SdSolid</dashMode>
        <rectangleBorderLeftVisible>True</rectangleBorderLeftVisible>
        <rectangleBorderRightVisible>True</rectangleBorderRightVisible>
        <rectangleBorderTopVisible>True</rectangleBorderTopVisible>
        <rectangleBorderBottomVisible>True</rectangleBorderBottomVisible>
        <radius>0</radius>
        <radiusIsPercent>False</radiusIsPercent>
        <thickness>1</thickness>
      </controlProperties>
    </control>
    <control controlID="D6DE50FB-63A9-4E16-8D95-AE67B3DE355D" controlTypeID="TextInput" isShow="True" caption="%E8%BE%93%E5%85%A5%E6%A1%86" x="88" y="59" w="252" h="30" measuredW="138" measuredH="36" zOrder="1" locked="False" sizeLocked="False">
      <controlProperties>
        <basic color="4294967295" borderVisible="True" borderColor="4284900966" isAutoSize="False" status="MsEnabled" opacity="1" isCommentCom="False" canMove="True" alias="" rotation="0"/>
        <states/>
        <verticalScrollbarShow>False</verticalScrollbarShow>
        <verticalScrollbarProgress>0</verticalScrollbarProgress>
        <horizontalScrollbarShow>False</horizontalScrollbarShow>
        <horizontalScrollbarProgress>0</horizontalScrollbarProgress>
        <links eventType="AtClick" animate="AmNone" animateAutoDelay="0" animateDuration="500">
          <link targetPageID="" linkType="ltPageLink" isApplyIncludePage="False" title="%E9%93%BE%E6%8E%A5">
            <area shape="0" alt="" ID="{3C476390-BE6B-469D-8020-CA1CBE34C654}" coords="(0,0,252,30)"/>
          </link>
        </links>
        <interactiveData>
          <entry title="">
            <area shape="0" alt="" ID="{D2377F36-DBC5-4ECC-9E20-8FB9F75B9999}" coords="(0,0,252,30)"/>
            <events title=""/>
          </entry>
        </interactiveData>
        <textSet textColor="4291611852" textSize="12" textFontFamily="%E5%BE%AE%E8%BD%AF%E9%9B%85%E9%BB%91" lineSpacingMultiple="1" textAlign="HaLeft" textVAlign="VaMiddle" textWordWrap="True" lineSpacing="16" textStyles="[]" useDefaultTextSize="True">
          <text>%E5%A7%93%E5%90%8D</text>
        </textSet>
        <selectedIndex>-1</selectedIndex>
        <selectedColor>4282501083</selectedColor>
        <textPadding>0</textPadding>
        <canInput>True</canInput>
      </controlProperties>
    </control>
    <control controlID="7DD1B1F5-BD08-4C6B-813F-9FF7635E16E5" controlTypeID="Label" isShow="True" caption="%E5%8D%95%E8%A1%8C%E6%96%87%E5%AD%97" x="16" y="64" w="63" h="22" measuredW="0" measuredH="0" zOrder="2" locked="False" sizeLocked="False">
      <controlProperties>
        <basic color="0" borderVisible="True" borderColor="4284900966" isAutoSize="True" status="MsEnabled" opacity="1" isCommentCom="False" canMove="True" alias="" rotation="0"/>
        <states/>
        <verticalScrollbarShow>False</verticalScrollbarShow>
        <verticalScrollbarProgress>0</verticalScrollbarProgress>
        <horizontalScrollbarShow>False</horizontalScrollbarShow>
        <horizontalScrollbarProgress>0</horizontalScrollbarProgress>
        <links eventType="AtClick" animate="AmNone" animateAutoDelay="0" animateDuration="500">
          <link targetPageID="" linkType="ltPageLink" isApplyIncludePage="False" title="%E9%93%BE%E6%8E%A5">
            <area shape="0" alt="" ID="{B1BDE592-561B-4C50-96E5-1C77065228FB}" coords="(0,0,63,22)"/>
          </link>
        </links>
        <interactiveData>
          <entry title="">
            <area shape="0" alt="" ID="{C6196C31-7A8C-4AA3-AEBA-BBC2C4C0DB86}" coords="(0,0,63,22)"/>
            <events title=""/>
          </entry>
        </interactiveData>
        <textSet textColor="4284900966" textSize="16" textFontFamily="%E5%BE%AE%E8%BD%AF%E9%9B%85%E9%BB%91" lineSpacingMultiple="1" textAlign="HaLeft" textVAlign="VaTop" textWordWrap="True" lineSpacing="21" textStyles="[]" useDefaultTextSize="False">
          <text>%E7%9C%9F%E5%AE%9E%E5%A7%93%E5%90%8D</text>
        </textSet>
        <selectedIndex>-1</selectedIndex>
        <selectedColor>4282501083</selectedColor>
        <textPadding>0</textPadding>
      </controlProperties>
    </control>
    <control controlID="CEBA6599-EC1F-49BE-B3D1-CEFB682F5B90" controlTypeID="Label" isShow="True" caption="%E5%8D%95%E8%A1%8C%E6%96%87%E5%AD%97" x="16" y="97" w="64" h="22" measuredW="0" measuredH="0" zOrder="3" locked="False" sizeLocked="False">
      <controlProperties>
        <basic color="0" borderVisible="True" borderColor="4284900966" isAutoSize="True" status="MsEnabled" opacity="1" isCommentCom="False" canMove="True" alias="" rotation="0"/>
        <states/>
        <verticalScrollbarShow>False</verticalScrollbarShow>
        <verticalScrollbarProgress>0</verticalScrollbarProgress>
        <horizontalScrollbarShow>False</horizontalScrollbarShow>
        <horizontalScrollbarProgress>0</horizontalScrollbarProgress>
        <links eventType="AtClick" animate="AmNone" animateAutoDelay="0" animateDuration="500">
          <link targetPageID="" linkType="ltPageLink" isApplyIncludePage="False" title="%E9%93%BE%E6%8E%A5">
            <area shape="0" alt="" ID="{B1BDE592-561B-4C50-96E5-1C77065228FB}" coords="(0,0,64,22)"/>
          </link>
        </links>
        <interactiveData>
          <entry title="">
            <area shape="0" alt="" ID="{C6196C31-7A8C-4AA3-AEBA-BBC2C4C0DB86}" coords="(0,0,64,22)"/>
            <events title=""/>
          </entry>
        </interactiveData>
        <textSet textColor="4284900966" textSize="16" textFontFamily="%E5%BE%AE%E8%BD%AF%E9%9B%85%E9%BB%91" lineSpacingMultiple="1" textAlign="HaLeft" textVAlign="VaTop" textWordWrap="True" lineSpacing="21" textStyles="[]" useDefaultTextSize="False">
          <text>%E8%AF%81%E4%BB%B6%E7%B1%BB%E5%9E%8B</text>
        </textSet>
        <selectedIndex>-1</selectedIndex>
        <selectedColor>4282501083</selectedColor>
        <textPadding>0</textPadding>
      </controlProperties>
    </control>
    <control controlID="E47266A6-1248-4000-8CDD-CE04E94A835A" controlTypeID="TextInput" isShow="True" caption="%E8%BE%93%E5%85%A5%E6%A1%86" x="89" y="125" w="252" h="30" measuredW="138" measuredH="36" zOrder="4" locked="False" sizeLocked="False">
      <controlProperties>
        <basic color="4294967295" borderVisible="True" borderColor="4284900966" isAutoSize="False" status="MsEnabled" opacity="1" isCommentCom="False" canMove="True" alias="" rotation="0"/>
        <states/>
        <verticalScrollbarShow>False</verticalScrollbarShow>
        <verticalScrollbarProgress>0</verticalScrollbarProgress>
        <horizontalScrollbarShow>False</horizontalScrollbarShow>
        <horizontalScrollbarProgress>0</horizontalScrollbarProgress>
        <links eventType="AtClick" animate="AmNone" animateAutoDelay="0" animateDuration="500">
          <link targetPageID="" linkType="ltPageLink" isApplyIncludePage="False" title="%E9%93%BE%E6%8E%A5">
            <area shape="0" alt="" ID="{3C476390-BE6B-469D-8020-CA1CBE34C654}" coords="(0,0,252,30)"/>
          </link>
        </links>
        <interactiveData>
          <entry title="">
            <area shape="0" alt="" ID="{D2377F36-DBC5-4ECC-9E20-8FB9F75B9999}" coords="(0,0,252,30)"/>
            <events title=""/>
          </entry>
        </interactiveData>
        <textSet textColor="4291611852" textSize="12" textFontFamily="%E5%BE%AE%E8%BD%AF%E9%9B%85%E9%BB%91" lineSpacingMultiple="1" textAlign="HaLeft" textVAlign="VaMiddle" textWordWrap="True" lineSpacing="16" textStyles="[]" useDefaultTextSize="True">
          <text>%E8%AF%B7%E6%AD%A3%E7%A1%AE%E5%A1%AB%E5%86%99%E8%AF%81%E4%BB%B6%E5%8F%B7%E7%A0%81</text>
        </textSet>
        <selectedIndex>-1</selectedIndex>
        <selectedColor>4282501083</selectedColor>
        <textPadding>0</textPadding>
        <canInput>True</canInput>
      </controlProperties>
    </control>
    <control controlID="A3C7DE01-B3D9-4ED5-9B72-7E5B5BF17D02" controlTypeID="Label" isShow="True" caption="%E5%8D%95%E8%A1%8C%E6%96%87%E5%AD%97" x="17" y="130" w="64" h="22" measuredW="0" measuredH="0" zOrder="5" locked="False" sizeLocked="False">
      <controlProperties>
        <basic color="0" borderVisible="True" borderColor="4284900966" isAutoSize="True" status="MsEnabled" opacity="1" isCommentCom="False" canMove="True" alias="" rotation="0"/>
        <states/>
        <verticalScrollbarShow>False</verticalScrollbarShow>
        <verticalScrollbarProgress>0</verticalScrollbarProgress>
        <horizontalScrollbarShow>False</horizontalScrollbarShow>
        <horizontalScrollbarProgress>0</horizontalScrollbarProgress>
        <links eventType="AtClick" animate="AmNone" animateAutoDelay="0" animateDuration="500">
          <link targetPageID="" linkType="ltPageLink" isApplyIncludePage="False" title="%E9%93%BE%E6%8E%A5">
            <area shape="0" alt="" ID="{B1BDE592-561B-4C50-96E5-1C77065228FB}" coords="(0,0,64,22)"/>
          </link>
        </links>
        <interactiveData>
          <entry title="">
            <area shape="0" alt="" ID="{C6196C31-7A8C-4AA3-AEBA-BBC2C4C0DB86}" coords="(0,0,64,22)"/>
            <events title=""/>
          </entry>
        </interactiveData>
        <textSet textColor="4284900966" textSize="16" textFontFamily="%E5%BE%AE%E8%BD%AF%E9%9B%85%E9%BB%91" lineSpacingMultiple="1" textAlign="HaLeft" textVAlign="VaTop" textWordWrap="True" lineSpacing="21" textStyles="[]" useDefaultTextSize="False">
          <text>%E8%AF%81%E4%BB%B6%E5%8F%B7%E7%A0%81</text>
        </textSet>
        <selectedIndex>-1</selectedIndex>
        <selectedColor>4282501083</selectedColor>
        <textPadding>0</textPadding>
      </controlProperties>
    </control>
    <control controlID="2F9B6B34-30F1-4D8A-9EC7-1B6D4D302578" controlTypeID="Label" isShow="True" caption="%E5%8D%95%E8%A1%8C%E6%96%87%E5%AD%97" x="16" y="164" w="64" h="22" measuredW="0" measuredH="0" zOrder="6" locked="False" sizeLocked="False">
      <controlProperties>
        <basic color="0" borderVisible="True" borderColor="4284900966" isAutoSize="True" status="MsEnabled" opacity="1" isCommentCom="False" canMove="True" alias="" rotation="0"/>
        <states/>
        <verticalScrollbarShow>False</verticalScrollbarShow>
        <verticalScrollbarProgress>0</verticalScrollbarProgress>
        <horizontalScrollbarShow>False</horizontalScrollbarShow>
        <horizontalScrollbarProgress>0</horizontalScrollbarProgress>
        <links eventType="AtClick" animate="AmNone" animateAutoDelay="0" animateDuration="500">
          <link targetPageID="" linkType="ltPageLink" isApplyIncludePage="False" title="%E9%93%BE%E6%8E%A5">
            <area shape="0" alt="" ID="{B1BDE592-561B-4C50-96E5-1C77065228FB}" coords="(0,0,64,22)"/>
          </link>
        </links>
        <interactiveData>
          <entry title="">
            <area shape="0" alt="" ID="{C6196C31-7A8C-4AA3-AEBA-BBC2C4C0DB86}" coords="(0,0,64,22)"/>
            <events title=""/>
          </entry>
        </interactiveData>
        <textSet textColor="4284900966" textSize="16" textFontFamily="%E5%BE%AE%E8%BD%AF%E9%9B%85%E9%BB%91" lineSpacingMultiple="1" textAlign="HaLeft" textVAlign="VaTop" textWordWrap="True" lineSpacing="21" textStyles="[]" useDefaultTextSize="False">
          <text>%E5%BC%80%E6%88%B7%E9%93%B6%E8%A1%8C</text>
        </textSet>
        <selectedIndex>-1</selectedIndex>
        <selectedColor>4282501083</selectedColor>
        <textPadding>0</textPadding>
      </controlProperties>
    </control>
    <control controlID="FF11B749-53D5-43DE-AD0C-D79E6783C5CC" controlTypeID="TextInput" isShow="True" caption="%E8%BE%93%E5%85%A5%E6%A1%86" x="87" y="196" w="252" h="30" measuredW="138" measuredH="36" zOrder="7" locked="False" sizeLocked="False">
      <controlProperties>
        <basic color="4294967295" borderVisible="True" borderColor="4284900966" isAutoSize="False" status="MsEnabled" opacity="1" isCommentCom="False" canMove="True" alias="" rotation="0"/>
        <states/>
        <verticalScrollbarShow>False</verticalScrollbarShow>
        <verticalScrollbarProgress>0</verticalScrollbarProgress>
        <horizontalScrollbarShow>False</horizontalScrollbarShow>
        <horizontalScrollbarProgress>0</horizontalScrollbarProgress>
        <links eventType="AtClick" animate="AmNone" animateAutoDelay="0" animateDuration="500">
          <link targetPageID="" linkType="ltPageLink" isApplyIncludePage="False" title="%E9%93%BE%E6%8E%A5">
            <area shape="0" alt="" ID="{3C476390-BE6B-469D-8020-CA1CBE34C654}" coords="(0,0,252,30)"/>
          </link>
        </links>
        <interactiveData>
          <entry title="">
            <area shape="0" alt="" ID="{D2377F36-DBC5-4ECC-9E20-8FB9F75B9999}" coords="(0,0,252,30)"/>
            <events title=""/>
          </entry>
        </interactiveData>
        <textSet textColor="4291611852" textSize="12" textFontFamily="%E5%BE%AE%E8%BD%AF%E9%9B%85%E9%BB%91" lineSpacingMultiple="1" textAlign="HaLeft" textVAlign="VaMiddle" textWordWrap="True" lineSpacing="16" textStyles="[]" useDefaultTextSize="True">
          <text>%E8%AF%B7%E8%BE%93%E5%85%A5%E5%82%A8%E8%93%84%E5%8D%A1%E5%8D%A1%E5%8F%B7</text>
        </textSet>
        <selectedIndex>-1</selectedIndex>
        <selectedColor>4282501083</selectedColor>
        <textPadding>0</textPadding>
        <canInput>True</canInput>
      </controlProperties>
    </control>
    <control controlID="7C23C871-9FFC-4756-8348-DA74B326158A" controlTypeID="Label" isShow="True" caption="%E5%8D%95%E8%A1%8C%E6%96%87%E5%AD%97" x="16" y="199" w="64" h="22" measuredW="0" measuredH="0" zOrder="8" locked="False" sizeLocked="False">
      <controlProperties>
        <basic color="0" borderVisible="True" borderColor="4284900966" isAutoSize="True" status="MsEnabled" opacity="1" isCommentCom="False" canMove="True" alias="" rotation="0"/>
        <states/>
        <verticalScrollbarShow>False</verticalScrollbarShow>
        <verticalScrollbarProgress>0</verticalScrollbarProgress>
        <horizontalScrollbarShow>False</horizontalScrollbarShow>
        <horizontalScrollbarProgress>0</horizontalScrollbarProgress>
        <links eventType="AtClick" animate="AmNone" animateAutoDelay="0" animateDuration="500">
          <link targetPageID="" linkType="ltPageLink" isApplyIncludePage="False" title="%E9%93%BE%E6%8E%A5">
            <area shape="0" alt="" ID="{B1BDE592-561B-4C50-96E5-1C77065228FB}" coords="(0,0,64,22)"/>
          </link>
        </links>
        <interactiveData>
          <entry title="">
            <area shape="0" alt="" ID="{C6196C31-7A8C-4AA3-AEBA-BBC2C4C0DB86}" coords="(0,0,64,22)"/>
            <events title=""/>
          </entry>
        </interactiveData>
        <textSet textColor="4284900966" textSize="16" textFontFamily="%E5%BE%AE%E8%BD%AF%E9%9B%85%E9%BB%91" lineSpacingMultiple="1" textAlign="HaLeft" textVAlign="VaTop" textWordWrap="True" lineSpacing="21" textStyles="[]" useDefaultTextSize="False">
          <text>%E9%93%B6%E8%A1%8C%E5%8D%A1%E5%8F%B7</text>
        </textSet>
        <selectedIndex>-1</selectedIndex>
        <selectedColor>4282501083</selectedColor>
        <textPadding>0</textPadding>
      </controlProperties>
    </control>
    <control controlID="90046793-4768-4915-94FE-4EEB13C42AB9" controlTypeID="CompositeComboBox" isShow="True" caption="%E4%B8%8B%E6%8B%89%E5%88%97%E8%A1%A8%E6%A1%86" x="88" y="93" w="200" h="28" measuredW="102" measuredH="36" zOrder="9" locked="False" sizeLocked="False">
      <controlProperties>
        <basic color="4294967295" borderVisible="True" borderColor="4288256409" isAutoSize="False" status="MsEnabled" opacity="1" isCommentCom="False" canMove="True" alias="" rotation="0"/>
        <states/>
        <verticalScrollbarShow>False</verticalScrollbarShow>
        <verticalScrollbarProgress>0</verticalScrollbarProgress>
        <horizontalScrollbarShow>False</horizontalScrollbarShow>
        <horizontalScrollbarProgress>0</horizontalScrollbarProgress>
        <links eventType="AtClick" animate="AmNone" animateAutoDelay="0" animateDuration="500">
          <link targetPageID="" linkType="ltPageLink" isApplyIncludePage="False" title="%E9%93%BE%E6%8E%A5">
            <area shape="0" alt="" ID="{07B563E7-66CB-444E-8888-B02FCAC9CDD7}" coords="(0,0,200,28)"/>
          </link>
        </links>
        <interactiveData>
          <entry title="">
            <area shape="0" alt="" ID="{0B77F86A-32F4-4719-9F08-632A1B3DE603}" coords="(0,0,200,28)"/>
            <events title=""/>
          </entry>
        </interactiveData>
        <groupChildrenDescriptors>
          <control controlID="0E61D9C1-130C-458E-8F0B-166E53CB85E3" controlTypeID="TextInput" isShow="True" caption="%E8%BE%93%E5%85%A5%E6%A1%86" x="0" y="0" w="177" h="28" measuredW="138" measuredH="36" zOrder="0" locked="True" sizeLocked="False">
            <controlProperties>
              <basic color="4294967295" borderVisible="True" borderColor="4288256409" isAutoSize="False" status="MsEnabled" opacity="1" isCommentCom="False" canMove="False" alias="input" rotation="0"/>
              <states/>
              <verticalScrollbarShow>False</verticalScrollbarShow>
              <verticalScrollbarProgress>0</verticalScrollbarProgress>
              <horizontalScrollbarShow>False</horizontalScrollbarShow>
              <horizontalScrollbarProgress>0</horizontalScrollbarProgress>
              <links eventType="AtClick" animate="AmNone" animateAutoDelay="0" animateDuration="500">
                <link targetPageID="" linkType="ltPageLink" isApplyIncludePage="False" title="%E9%93%BE%E6%8E%A5">
                  <area shape="0" alt="" ID="{1C156435-0251-41DA-B719-3C7015D34CD4}" coords="(0,0,177,28)"/>
                </link>
              </links>
              <interactiveData>
                <entry title="">
                  <area shape="0" alt="" ID="{CF2FEFE0-3955-479D-ABFF-DD975015C859}" coords="(0,0,177,28)"/>
                  <events title=""/>
                </entry>
              </interactiveData>
              <textSet textColor="4291611852" textSize="12" textFontFamily="%E5%BE%AE%E8%BD%AF%E9%9B%85%E9%BB%91" lineSpacingMultiple="1" textAlign="HaLeft" textVAlign="VaMiddle" textWordWrap="True" lineSpacing="16" textStyles="[]" useDefaultTextSize="True">
                <text>%E8%BA%AB%E4%BB%BD%E8%AF%81</text>
              </textSet>
              <selectedIndex>-1</selectedIndex>
              <selectedColor>4282501083</selectedColor>
              <textPadding>0</textPadding>
              <canInput>True</canInput>
            </controlProperties>
          </control>
          <control controlID="3DC3E984-8C0C-4915-B23A-6B04AE75A6ED" controlTypeID="Button" isShow="True" caption="%E6%8C%89%E9%92%AE" x="176" y="0" w="24" h="28" measuredW="78" measuredH="36" zOrder="1" locked="True" sizeLocked="False">
            <controlProperties>
              <basic color="4294967295" borderVisible="True" borderColor="4288256409" isAutoSize="False" status="MsEnabled" opacity="1" isCommentCom="False" canMove="False" alias="button" rotation="0"/>
              <states/>
              <verticalScrollbarShow>False</verticalScrollbarShow>
              <verticalScrollbarProgress>0</verticalScrollbarProgress>
              <horizontalScrollbarShow>False</horizontalScrollbarShow>
              <horizontalScrollbarProgress>0</horizontalScrollbarProgress>
              <links eventType="AtClick" animate="AmNone" animateAutoDelay="0" animateDuration="500">
                <link targetPageID="" linkType="ltPageLink" isApplyIncludePage="False" title="%E9%93%BE%E6%8E%A5">
                  <area shape="0" alt="" ID="{F9648F54-B66E-4709-9D61-942D92F818F8}" coords="(0,0,24,28)"/>
                </link>
              </links>
              <interactiveData>
                <entry title="">
                  <area shape="0" alt="" ID="{A028B99E-616D-4A68-BC29-783845E11ADC}" coords="(0,0,24,28)"/>
                  <events title=""/>
                </entry>
              </interactiveData>
              <textSet textColor="4278190080" textSize="12" textFontFamily="%E5%BE%AE%E8%BD%AF%E9%9B%85%E9%BB%91" lineSpacingMultiple="1" textAlign="HaCenter" textVAlign="VaMiddle" textWordWrap="True" lineSpacing="16" textStyles="[]" useDefaultTextSize="True"/>
              <selectedIndex>-1</selectedIndex>
              <selectedColor>4282501083</selectedColor>
              <textPadding>0</textPadding>
              <radius>0</radius>
              <radiusIsPercent>False</radiusIsPercent>
              <buttonStatus>BsNormal</buttonStatus>
              <thickness>1</thickness>
              <isAutoTextColor>True</isAutoTextColor>
              <borderColor>4288256409</borderColor>
            </controlProperties>
          </control>
          <control controlID="8DB8A3D8-564A-43F5-A800-385792E8B231" controlTypeID="List" isShow="False" caption="%E5%88%97%E8%A1%A8" x="0" y="28" w="200" h="112" measuredW="168" measuredH="252" zOrder="2" locked="False" sizeLocked="False">
            <controlProperties>
              <basic color="4294967295" borderVisible="True" borderColor="4288256409" isAutoSize="False" status="MsEnabled" opacity="1" isCommentCom="False" canMove="False" alias="dropDown" rotation="0"/>
              <states/>
              <verticalScrollbarShow>False</verticalScrollbarShow>
              <verticalScrollbarProgress>0</verticalScrollbarProgress>
              <horizontalScrollbarShow>False</horizontalScrollbarShow>
              <horizontalScrollbarProgress>0</horizontalScrollbarProgress>
              <links eventType="AtClick" animate="AmNone" animateAutoDelay="0" animateDuration="500">
                <link targetPageID="" linkType="ltPageLink" isApplyIncludePage="False" title="%E8%BA%AB%E4%BB%BD%E8%AF%81">
                  <area shape="0" alt="" ID="{FA82B0A3-4A8F-4452-97B6-9E0E9C26AF89}" coords="(1,1,199,29)"/>
                </link>
                <link targetPageID="" linkType="ltPageLink" isApplyIncludePage="False" title="%E5%86%9B%E4%BA%BA%E8%AF%81">
                  <area shape="0" alt="" ID="{2CD7EC20-42F8-4145-8793-243736B5D1B3}" coords="(1,29,199,57)"/>
                </link>
                <link targetPageID="" linkType="ltPageLink" isApplyIncludePage="False" title="%E6%8A%A4%E7%85%A7">
                  <area shape="0" alt="" ID="{B2B498E7-875C-4256-AE7F-9575F9B07683}" coords="(1,57,199,85)"/>
                </link>
                <link targetPageID="" linkType="ltPageLink" isApplyIncludePage="False" title="%E6%9D%A1%E7%9B%AE%E5%9B%9B">
                  <area shape="0" alt="" ID="{508EA01F-50A7-4D44-BFCD-7C28F0EEF688}" coords="(1,85,199,113)"/>
                </link>
              </links>
              <interactiveData>
                <entry title="%E8%BA%AB%E4%BB%BD%E8%AF%81">
                  <area shape="0" alt="" ID="{6F99DE38-228E-4CC7-97BB-6EDB1A26746E}" coords="(1,1,199,29)"/>
                  <events title=""/>
                </entry>
                <entry title="%E5%86%9B%E4%BA%BA%E8%AF%81">
                  <area shape="0" alt="" ID="{EA377C2B-9AA1-407A-8CF1-24425E55BF9C}" coords="(1,29,199,57)"/>
                  <events title=""/>
                </entry>
                <entry title="%E6%8A%A4%E7%85%A7">
                  <area shape="0" alt="" ID="{2F525E5D-791F-4D2F-BD0D-90764C2F6EDE}" coords="(1,57,199,85)"/>
                  <events title=""/>
                </entry>
                <entry title="%E6%9D%A1%E7%9B%AE%E5%9B%9B">
                  <area shape="0" alt="" ID="{56D5A46E-140D-424A-9C01-49EA5034293A}" coords="(1,85,199,113)"/>
                  <events title=""/>
                </entry>
              </interactiveData>
              <textSet textColor="4291611852" textSize="12" textFontFamily="%E5%BE%AE%E8%BD%AF%E9%9B%85%E9%BB%91" lineSpacingMultiple="1" textAlign="HaLeft" textVAlign="VaTop" textWordWrap="True" lineSpacing="0" textStyles="[]" useDefaultTextSize="True">
                <text>%E8%BA%AB%E4%BB%BD%E8%AF%81%0D%0A%E5%86%9B%E4%BA%BA%E8%AF%81%0D%0A%E6%8A%A4%E7%85%A7%0D%0A%E6%9D%A1%E7%9B%AE%E5%9B%9B</text>
              </textSet>
              <selectedIndex>0</selectedIndex>
              <selectedColor>4282501083</selectedColor>
              <textPadding>10</textPadding>
              <itemHeight>28</itemHeight>
              <isInterlace>False</isInterlace>
              <interlaceColor>4294967295</interlaceColor>
              <ShowHLine>False</ShowHLine>
            </controlProperties>
          </control>
        </groupChildrenDescriptors>
        <rowCount>5</rowCount>
        <canInput>False</canInput>
        <baseHeight>28</baseHeight>
        <textSet textColor="4291611852" textSize="12" textFontFamily="%E5%BE%AE%E8%BD%AF%E9%9B%85%E9%BB%91" textStyles="[]"/>
      </controlProperties>
    </control>
    <control controlID="0EC0CC44-DC19-4402-B6F2-62211657F085" controlTypeID="CompositeComboBox" isShow="True" caption="%E4%B8%8B%E6%8B%89%E5%88%97%E8%A1%A8%E6%A1%86" x="88" y="161" w="200" h="28" measuredW="102" measuredH="36" zOrder="10" locked="False" sizeLocked="False">
      <controlProperties>
        <basic color="4294967295" borderVisible="True" borderColor="4284900966" isAutoSize="False" status="MsEnabled" opacity="1" isCommentCom="False" canMove="True" alias="" rotation="0"/>
        <states/>
        <verticalScrollbarShow>False</verticalScrollbarShow>
        <verticalScrollbarProgress>0</verticalScrollbarProgress>
        <horizontalScrollbarShow>False</horizontalScrollbarShow>
        <horizontalScrollbarProgress>0</horizontalScrollbarProgress>
        <links eventType="AtClick" animate="AmNone" animateAutoDelay="0" animateDuration="500">
          <link targetPageID="" linkType="ltPageLink" isApplyIncludePage="False" title="%E9%93%BE%E6%8E%A5">
            <area shape="0" alt="" ID="{07B563E7-66CB-444E-8888-B02FCAC9CDD7}" coords="(0,0,200,28)"/>
          </link>
        </links>
        <interactiveData>
          <entry title="">
            <area shape="0" alt="" ID="{0B77F86A-32F4-4719-9F08-632A1B3DE603}" coords="(0,0,200,28)"/>
            <events title=""/>
          </entry>
        </interactiveData>
        <groupChildrenDescriptors>
          <control controlID="FC7FE4DF-73FD-4B8F-9832-DBA2AB9E066E" controlTypeID="TextInput" isShow="True" caption="%E8%BE%93%E5%85%A5%E6%A1%86" x="0" y="0" w="177" h="28" measuredW="138" measuredH="36" zOrder="0" locked="True" sizeLocked="False">
            <controlProperties>
              <basic color="4294967295" borderVisible="True" borderColor="4284900966" isAutoSize="False" status="MsEnabled" opacity="1" isCommentCom="False" canMove="False" alias="input" rotation="0"/>
              <states/>
              <verticalScrollbarShow>False</verticalScrollbarShow>
              <verticalScrollbarProgress>0</verticalScrollbarProgress>
              <horizontalScrollbarShow>False</horizontalScrollbarShow>
              <horizontalScrollbarProgress>0</horizontalScrollbarProgress>
              <links eventType="AtClick" animate="AmNone" animateAutoDelay="0" animateDuration="500">
                <link targetPageID="" linkType="ltPageLink" isApplyIncludePage="False" title="%E9%93%BE%E6%8E%A5">
                  <area shape="0" alt="" ID="{1C156435-0251-41DA-B719-3C7015D34CD4}" coords="(0,0,177,28)"/>
                </link>
              </links>
              <interactiveData>
                <entry title="">
                  <area shape="0" alt="" ID="{CF2FEFE0-3955-479D-ABFF-DD975015C859}" coords="(0,0,177,28)"/>
                  <events title=""/>
                </entry>
              </interactiveData>
              <textSet textColor="4288256409" textSize="12" textFontFamily="%E5%BE%AE%E8%BD%AF%E9%9B%85%E9%BB%91" lineSpacingMultiple="1" textAlign="HaLeft" textVAlign="VaMiddle" textWordWrap="True" lineSpacing="16" textStyles="[]" useDefaultTextSize="True">
                <text>%E4%B8%AD%E5%9B%BD%E5%B7%A5%E5%95%86%E9%93%B6%E8%A1%8C</text>
              </textSet>
              <selectedIndex>-1</selectedIndex>
              <selectedColor>4282501083</selectedColor>
              <textPadding>0</textPadding>
              <canInput>True</canInput>
            </controlProperties>
          </control>
          <control controlID="A79BE836-C1E1-4651-8F09-AEB4534E1A35" controlTypeID="Button" isShow="True" caption="%E6%8C%89%E9%92%AE" x="176" y="0" w="24" h="28" measuredW="78" measuredH="36" zOrder="1" locked="True" sizeLocked="False">
            <controlProperties>
              <basic color="4294967295" borderVisible="True" borderColor="4284900966" isAutoSize="False" status="MsEnabled" opacity="1" isCommentCom="False" canMove="False" alias="button" rotation="0"/>
              <states/>
              <verticalScrollbarShow>False</verticalScrollbarShow>
              <verticalScrollbarProgress>0</verticalScrollbarProgress>
              <horizontalScrollbarShow>False</horizontalScrollbarShow>
              <horizontalScrollbarProgress>0</horizontalScrollbarProgress>
              <links eventType="AtClick" animate="AmNone" animateAutoDelay="0" animateDuration="500">
                <link targetPageID="" linkType="ltPageLink" isApplyIncludePage="False" title="%E9%93%BE%E6%8E%A5">
                  <area shape="0" alt="" ID="{F9648F54-B66E-4709-9D61-942D92F818F8}" coords="(0,0,24,28)"/>
                </link>
              </links>
              <interactiveData>
                <entry title="">
                  <area shape="0" alt="" ID="{A028B99E-616D-4A68-BC29-783845E11ADC}" coords="(0,0,24,28)"/>
                  <events title=""/>
                </entry>
              </interactiveData>
              <textSet textColor="4278190080" textSize="12" textFontFamily="%E5%BE%AE%E8%BD%AF%E9%9B%85%E9%BB%91" lineSpacingMultiple="1" textAlign="HaCenter" textVAlign="VaMiddle" textWordWrap="True" lineSpacing="16" textStyles="[]" useDefaultTextSize="True"/>
              <selectedIndex>-1</selectedIndex>
              <selectedColor>4282501083</selectedColor>
              <textPadding>0</textPadding>
              <radius>0</radius>
              <radiusIsPercent>False</radiusIsPercent>
              <buttonStatus>BsNormal</buttonStatus>
              <thickness>1</thickness>
              <isAutoTextColor>True</isAutoTextColor>
              <borderColor>4284900966</borderColor>
            </controlProperties>
          </control>
          <control controlID="6ED10357-D941-444E-A0C2-CBBE99EF1606" controlTypeID="List" isShow="False" caption="%E5%88%97%E8%A1%A8" x="0" y="28" w="200" h="112" measuredW="168" measuredH="252" zOrder="2" locked="False" sizeLocked="False">
            <controlProperties>
              <basic color="4294967295" borderVisible="True" borderColor="4284900966" isAutoSize="False" status="MsEnabled" opacity="1" isCommentCom="False" canMove="False" alias="dropDown" rotation="0"/>
              <states/>
              <verticalScrollbarShow>False</verticalScrollbarShow>
              <verticalScrollbarProgress>0</verticalScrollbarProgress>
              <horizontalScrollbarShow>False</horizontalScrollbarShow>
              <horizontalScrollbarProgress>0</horizontalScrollbarProgress>
              <links eventType="AtClick" animate="AmNone" animateAutoDelay="0" animateDuration="500">
                <link targetPageID="" linkType="ltPageLink" isApplyIncludePage="False" title="%E4%B8%AD%E5%9B%BD%E5%B7%A5%E5%95%86%E9%93%B6%E8%A1%8C">
                  <area shape="0" alt="" ID="{FA82B0A3-4A8F-4452-97B6-9E0E9C26AF89}" coords="(1,1,199,29)"/>
                </link>
                <link targetPageID="" linkType="ltPageLink" isApplyIncludePage="False" title="%E4%B8%AD%E5%9B%BD%E5%BB%BA%E8%AE%BE%E9%93%B6%E8%A1%8C">
                  <area shape="0" alt="" ID="{2CD7EC20-42F8-4145-8793-243736B5D1B3}" coords="(1,29,199,57)"/>
                </link>
                <link targetPageID="" linkType="ltPageLink" isApplyIncludePage="False" title="%E4%B8%AD%E5%9B%BD%E5%86%9C%E4%B8%9A%E9%93%B6%E8%A1%8C">
                  <area shape="0" alt="" ID="{B2B498E7-875C-4256-AE7F-9575F9B07683}" coords="(1,57,199,85)"/>
                </link>
                <link targetPageID="" linkType="ltPageLink" isApplyIncludePage="False" title="%E4%B8%AD%E5%9B%BD%E9%82%AE%E6%94%BF%E9%93%B6%E8%A1%8C">
                  <area shape="0" alt="" ID="{508EA01F-50A7-4D44-BFCD-7C28F0EEF688}" coords="(1,85,199,113)"/>
                </link>
              </links>
              <interactiveData>
                <entry title="%E4%B8%AD%E5%9B%BD%E5%B7%A5%E5%95%86%E9%93%B6%E8%A1%8C">
                  <area shape="0" alt="" ID="{6F99DE38-228E-4CC7-97BB-6EDB1A26746E}" coords="(1,1,199,29)"/>
                  <events title=""/>
                </entry>
                <entry title="%E4%B8%AD%E5%9B%BD%E5%BB%BA%E8%AE%BE%E9%93%B6%E8%A1%8C">
                  <area shape="0" alt="" ID="{EA377C2B-9AA1-407A-8CF1-24425E55BF9C}" coords="(1,29,199,57)"/>
                  <events title=""/>
                </entry>
                <entry title="%E4%B8%AD%E5%9B%BD%E5%86%9C%E4%B8%9A%E9%93%B6%E8%A1%8C">
                  <area shape="0" alt="" ID="{2F525E5D-791F-4D2F-BD0D-90764C2F6EDE}" coords="(1,57,199,85)"/>
                  <events title=""/>
                </entry>
                <entry title="%E4%B8%AD%E5%9B%BD%E9%82%AE%E6%94%BF%E9%93%B6%E8%A1%8C">
                  <area shape="0" alt="" ID="{56D5A46E-140D-424A-9C01-49EA5034293A}" coords="(1,85,199,113)"/>
                  <events title=""/>
                </entry>
              </interactiveData>
              <textSet textColor="4288256409" textSize="12" textFontFamily="%E5%BE%AE%E8%BD%AF%E9%9B%85%E9%BB%91" lineSpacingMultiple="1" textAlign="HaLeft" textVAlign="VaTop" textWordWrap="True" lineSpacing="0" textStyles="[]" useDefaultTextSize="True">
                <text>%E4%B8%AD%E5%9B%BD%E5%B7%A5%E5%95%86%E9%93%B6%E8%A1%8C%0D%0A%E4%B8%AD%E5%9B%BD%E5%BB%BA%E8%AE%BE%E9%93%B6%E8%A1%8C%0D%0A%E4%B8%AD%E5%9B%BD%E5%86%9C%E4%B8%9A%E9%93%B6%E8%A1%8C%0D%0A%E4%B8%AD%E5%9B%BD%E9%82%AE%E6%94%BF%E9%93%B6%E8%A1%8C</text>
              </textSet>
              <selectedIndex>0</selectedIndex>
              <selectedColor>4282501083</selectedColor>
              <textPadding>10</textPadding>
              <itemHeight>28</itemHeight>
              <isInterlace>False</isInterlace>
              <interlaceColor>4294967295</interlaceColor>
              <ShowHLine>False</ShowHLine>
            </controlProperties>
          </control>
        </groupChildrenDescriptors>
        <rowCount>5</rowCount>
        <canInput>False</canInput>
        <baseHeight>28</baseHeight>
        <textSet textColor="4288256409" textSize="12" textFontFamily="%E5%BE%AE%E8%BD%AF%E9%9B%85%E9%BB%91" textStyles="[]"/>
      </controlProperties>
    </control>
    <control controlID="0D9DC5B8-083C-4A8C-BFC5-E0CED6AD98E9" controlTypeID="Shape" isShow="True" caption="%E5%BD%A2%E7%8A%B6" x="16" y="236" w="324" h="36" measuredW="120" measuredH="100" zOrder="11" locked="False" sizeLocked="False">
      <controlProperties>
        <basic color="4294901760" borderVisible="True" borderColor="4284900966" isAutoSize="False" status="MsEnabled" opacity="1" isCommentCom="False" canMove="True" alias="" rotation="0"/>
        <states/>
        <verticalScrollbarShow>False</verticalScrollbarShow>
        <verticalScrollbarProgress>0</verticalScrollbarProgress>
        <horizontalScrollbarShow>False</horizontalScrollbarShow>
        <horizontalScrollbarProgress>0</horizontalScrollbarProgress>
        <links eventType="AtClick" animate="AmNone" animateAutoDelay="0" animateDuration="500">
          <link targetPageID="" linkType="ltPageLink" isApplyIncludePage="False" title="%E9%93%BE%E6%8E%A5">
            <area shape="0" alt="" ID="{ED13A8A7-FB0B-4514-B6D2-BE14DE40F5D5}" coords="(0,0,324,36)"/>
          </link>
        </links>
        <interactiveData>
          <entry title="">
            <area shape="0" alt="" ID="{A1A43BB4-C9FD-4161-B3C8-0034738DD799}" coords="(0,0,324,36)"/>
            <events title=""/>
          </entry>
        </interactiveData>
        <textSet textColor="4294967295" textSize="12" textFontFamily="%E5%BE%AE%E8%BD%AF%E9%9B%85%E9%BB%91" lineSpacingMultiple="1" textAlign="HaCenter" textVAlign="VaMiddle" textWordWrap="True" lineSpacing="16" textStyles="[]" useDefaultTextSize="True">
          <text>%E7%BB%91%E5%AE%9A%E9%93%B6%E8%A1%8C%E5%8D%A1</text>
        </textSet>
        <selectedIndex>-1</selectedIndex>
        <selectedColor>4282501083</selectedColor>
        <textPadding>0</textPadding>
        <shapeBorderType>SbRectangle</shapeBorderType>
        <triangleType>TdZero</triangleType>
        <dashMode>SdSolid</dashMode>
        <rectangleBorderLeftVisible>True</rectangleBorderLeftVisible>
        <rectangleBorderRightVisible>True</rectangleBorderRightVisible>
        <rectangleBorderTopVisible>True</rectangleBorderTopVisible>
        <rectangleBorderBottomVisible>True</rectangleBorderBottomVisible>
        <radius>8</radius>
        <radiusIsPercent>False</radiusIsPercent>
        <thickness>1</thickness>
      </controlProperties>
    </control>
    <control controlID="813C2B87-342C-4B4D-A4F7-7A8954FBE292" controlTypeID="TextArea" isShow="True" caption="%E5%A4%9A%E8%A1%8C%E6%96%87%E5%AD%97" x="16" y="292" w="324" h="179" measuredW="0" measuredH="126" zOrder="12" locked="False" sizeLocked="False">
      <controlProperties>
        <basic color="16777215" borderVisible="False" borderColor="4284900966" isAutoSize="False" status="MsEnabled" opacity="1" isCommentCom="False" canMove="True" alias="" rotation="0"/>
        <states/>
        <verticalScrollbarShow>False</verticalScrollbarShow>
        <verticalScrollbarProgress>0</verticalScrollbarProgress>
        <horizontalScrollbarShow>False</horizontalScrollbarShow>
        <horizontalScrollbarProgress>0</horizontalScrollbarProgress>
        <links eventType="AtClick" animate="AmNone" animateAutoDelay="0" animateDuration="500">
          <link targetPageID="" linkType="ltPageLink" isApplyIncludePage="False" title="%E9%93%BE%E6%8E%A5">
            <area shape="0" alt="" ID="{8CF6F1B3-2716-4D04-A188-26BB738A0091}" coords="(0,0,324,179)"/>
          </link>
        </links>
        <interactiveData>
          <entry title="">
            <area shape="0" alt="" ID="{AF257CC7-88F6-4158-BDF2-429D895A15C9}" coords="(0,0,324,179)"/>
            <events title=""/>
          </entry>
        </interactiveData>
        <textSet textColor="4278190080" textSize="12" textFontFamily="%E5%BE%AE%E8%BD%AF%E9%9B%85%E9%BB%91" lineSpacingMultiple="1" textAlign="HaLeft" textVAlign="VaTop" textWordWrap="True" lineSpacing="16" textStyles="[]" useDefaultTextSize="True">
          <text>*%E6%B3%A8%E6%84%8F%E4%BA%8B%E9%A1%B9%EF%BC%9A%0D%0A.%E5%A1%AB%E5%86%99%E7%9C%9F%E5%AE%9E%E4%BF%A1%E6%81%AF%E8%B5%84%E6%96%99%EF%BC%8C%E6%89%8D%E8%83%BD%E6%8F%90%E7%8E%B0%E8%B4%B7%E6%AC%BE%0D%0A.%E4%BB%85%E6%94%AF%E6%8C%81%E5%82%A8%E8%93%84%E5%8D%A1%EF%BC%8C%E8%AF%B7%E4%B8%8D%E8%A6%81%E5%A1%AB%E5%86%99%E4%BF%A1%E7%94%A8%E5%8D%A1%0D%0A</text>
        </textSet>
        <selectedIndex>-1</selectedIndex>
        <selectedColor>4282501083</selectedColor>
        <textPadding>0</textPadding>
      </controlProperties>
    </control>
    <control controlID="ACEC23CD-7AC8-43FB-AA64-D7E89B393400" controlTypeID="Icon" isShow="True" caption="%E5%9B%BE%E6%A0%87" x="3" y="12" w="22" h="22" measuredW="32" measuredH="32" zOrder="13" locked="False" sizeLocked="False">
      <controlProperties>
        <basic color="4294967295" borderVisible="True" borderColor="4284900966" isAutoSize="False" status="MsEnabled" opacity="1" isCommentCom="False" canMove="True" alias="" rotation="0"/>
        <states/>
        <verticalScrollbarShow>False</verticalScrollbarShow>
        <verticalScrollbarProgress>0</verticalScrollbarProgress>
        <horizontalScrollbarShow>False</horizontalScrollbarShow>
        <horizontalScrollbarProgress>0</horizontalScrollbarProgress>
        <links eventType="AtClick" animate="AmNone" animateAutoDelay="0" animateDuration="500">
          <link targetPageID="" linkType="ltPageLink" isApplyIncludePage="False" title="%E9%93%BE%E6%8E%A5">
            <area shape="0" alt="" ID="{127A6318-44CE-41B2-8203-0965EDFBB7EC}" coords="(0,0,22,22)"/>
          </link>
        </links>
        <interactiveData>
          <entry title="">
            <area shape="0" alt="" ID="{B7070BF1-DB19-4DEF-BD07-76B0AF269E3A}" coords="(0,0,22,22)"/>
            <events title=""/>
          </entry>
        </interactiveData>
        <rotationAngle>TdZero</rotationAngle>
        <icon>
          <ID/>
          <iconFontName>jdIonicons</iconFontName>
          <iconCode>62154</iconCode>
        </icon>
        <URL>D95E480717200F895E41DB6E5B869596.svg</URL>
        <FlipHorizontal>False</FlipHorizontal>
        <FlipVertical>False</FlipVertical>
      </controlProperties>
    </control>
  </controls>
  <param>
    <backgroundColor>4294967295</backgroundColor>
    <fontFamily/>
    <guideLines/>
  </param>
</mockup>