﻿<mockup version="4.2" platform="MtMobile" defaultW="360" defaultH="640" from="FmLocal" screenOrientation="MoPortrait" mobileScreenScale="1.77777779102325" minAllowVersion="4.1" ID="D113B008-52BA-4EFA-A19C-9567662380CF" measureW="360" measureH="640">
  <controls controlCount="23">
    <control controlID="F8DB7993-9152-4EF5-B1D1-1B86538F2894" controlTypeID="Shape" isShow="True" caption="%E5%BD%A2%E7%8A%B6" x="0" y="0" w="360" h="49" measuredW="120" measuredH="100" zOrder="0" locked="False" sizeLocked="False">
      <controlProperties>
        <basic color="4294901760" borderVisible="True" borderColor="4284900966" isAutoSize="False" status="MsEnabled" opacity="1" isCommentCom="False" canMove="True" alias="" rotation="0"/>
        <states/>
        <verticalScrollbarShow>False</verticalScrollbarShow>
        <verticalScrollbarProgress>0</verticalScrollbarProgress>
        <horizontalScrollbarShow>False</horizontalScrollbarShow>
        <horizontalScrollbarProgress>0</horizontalScrollbarProgress>
        <links eventType="AtClick" animate="AmNone" animateAutoDelay="0" animateDuration="500">
          <link targetPageID="" linkType="ltPageLink" isApplyIncludePage="False" title="%E9%93%BE%E6%8E%A5">
            <area shape="0" alt="" ID="{9C74B11B-6495-4FB2-BFAE-6898141F3B54}" coords="(0,0,360,49)"/>
          </link>
        </links>
        <interactiveData>
          <entry title="">
            <area shape="0" alt="" ID="{06EA3D95-D0D0-4A4F-8DF8-E4C1DB5D1CAF}" coords="(0,0,360,49)"/>
            <events title=""/>
          </entry>
        </interactiveData>
        <textSet textColor="4294967295" textSize="18" textFontFamily="%E5%BE%AE%E8%BD%AF%E9%9B%85%E9%BB%91" lineSpacingMultiple="1" textAlign="HaCenter" textVAlign="VaMiddle" textWordWrap="True" lineSpacing="24" textStyles="[]" useDefaultTextSize="False">
          <text>%E6%B7%BB%E5%8A%A0%E5%95%86%E5%93%81</text>
        </textSet>
        <selectedIndex>-1</selectedIndex>
        <selectedColor>4282501083</selectedColor>
        <textPadding>0</textPadding>
        <shapeBorderType>SbRectangle</shapeBorderType>
        <triangleType>TdZero</triangleType>
        <dashMode>SdSolid</dashMode>
        <rectangleBorderLeftVisible>True</rectangleBorderLeftVisible>
        <rectangleBorderRightVisible>True</rectangleBorderRightVisible>
        <rectangleBorderTopVisible>True</rectangleBorderTopVisible>
        <rectangleBorderBottomVisible>True</rectangleBorderBottomVisible>
        <radius>0</radius>
        <radiusIsPercent>False</radiusIsPercent>
        <thickness>1</thickness>
      </controlProperties>
    </control>
    <control controlID="5A0527F9-9009-4A63-9E25-197BF8893C42" controlTypeID="Icon" isShow="True" caption="%E5%9B%BE%E6%A0%87" x="10" y="15" w="22" h="22" measuredW="32" measuredH="32" zOrder="1" locked="False" sizeLocked="False">
      <controlProperties>
        <basic color="4294967295" borderVisible="True" borderColor="4284900966" isAutoSize="False" status="MsEnabled" opacity="1" isCommentCom="False" canMove="True" alias="" rotation="0"/>
        <states/>
        <verticalScrollbarShow>False</verticalScrollbarShow>
        <verticalScrollbarProgress>0</verticalScrollbarProgress>
        <horizontalScrollbarShow>False</horizontalScrollbarShow>
        <horizontalScrollbarProgress>0</horizontalScrollbarProgress>
        <links eventType="AtClick" animate="AmNone" animateAutoDelay="0" animateDuration="500">
          <link targetPageID="" linkType="ltPageLink" isApplyIncludePage="False" title="%E9%93%BE%E6%8E%A5">
            <area shape="0" alt="" ID="{127A6318-44CE-41B2-8203-0965EDFBB7EC}" coords="(0,0,22,22)"/>
          </link>
        </links>
        <interactiveData>
          <entry title="">
            <area shape="0" alt="" ID="{B7070BF1-DB19-4DEF-BD07-76B0AF269E3A}" coords="(0,0,22,22)"/>
            <events title=""/>
          </entry>
        </interactiveData>
        <rotationAngle>TdZero</rotationAngle>
        <icon>
          <ID/>
          <iconFontName>jdIonicons</iconFontName>
          <iconCode>62154</iconCode>
        </icon>
        <URL>D95E480717200F895E41DB6E5B869596.svg</URL>
        <FlipHorizontal>False</FlipHorizontal>
        <FlipVertical>False</FlipVertical>
      </controlProperties>
    </control>
    <control controlID="90BB2975-9FAB-4166-B301-56494F244E11" controlTypeID="Label" isShow="True" caption="%E5%8D%95%E8%A1%8C%E6%96%87%E5%AD%97" x="302" y="18" w="28" h="19" measuredW="0" measuredH="0" zOrder="2" locked="False" sizeLocked="False">
      <controlProperties>
        <basic color="0" borderVisible="True" borderColor="4284900966" isAutoSize="True" status="MsEnabled" opacity="1" isCommentCom="False" canMove="True" alias="" rotation="0"/>
        <states/>
        <verticalScrollbarShow>False</verticalScrollbarShow>
        <verticalScrollbarProgress>0</verticalScrollbarProgress>
        <horizontalScrollbarShow>False</horizontalScrollbarShow>
        <horizontalScrollbarProgress>0</horizontalScrollbarProgress>
        <links eventType="AtClick" animate="AmNone" animateAutoDelay="0" animateDuration="500">
          <link targetPageID="" linkType="ltPageLink" isApplyIncludePage="False" title="%E9%93%BE%E6%8E%A5">
            <area shape="0" alt="" ID="{DAA6B760-7923-4C55-A866-146418C678C1}" coords="(0,0,28,19)"/>
          </link>
        </links>
        <interactiveData>
          <entry title="">
            <area shape="0" alt="" ID="{6471F0FD-27D4-4904-8B4D-A25DB8FDF715}" coords="(0,0,28,19)"/>
            <events title=""/>
          </entry>
        </interactiveData>
        <textSet textColor="4294967295" textSize="14" textFontFamily="%E5%BE%AE%E8%BD%AF%E9%9B%85%E9%BB%91" lineSpacingMultiple="1" textAlign="HaLeft" textVAlign="VaTop" textWordWrap="True" lineSpacing="18" textStyles="[]" useDefaultTextSize="False">
          <text>%E5%AE%8C%E6%88%90</text>
        </textSet>
        <selectedIndex>-1</selectedIndex>
        <selectedColor>4282501083</selectedColor>
        <textPadding>0</textPadding>
      </controlProperties>
    </control>
    <control controlID="3E888633-7AD3-47A4-9A71-97EBB9EFD0FA" controlTypeID="Shape" isShow="True" caption="%E5%BD%A2%E7%8A%B6" x="0" y="49" w="360" h="31" measuredW="120" measuredH="100" zOrder="3" locked="False" sizeLocked="False">
      <controlProperties>
        <basic color="4294967295" borderVisible="True" borderColor="4284900966" isAutoSize="False" status="MsEnabled" opacity="1" isCommentCom="False" canMove="True" alias="" rotation="0"/>
        <states/>
        <verticalScrollbarShow>False</verticalScrollbarShow>
        <verticalScrollbarProgress>0</verticalScrollbarProgress>
        <horizontalScrollbarShow>False</horizontalScrollbarShow>
        <horizontalScrollbarProgress>0</horizontalScrollbarProgress>
        <links eventType="AtClick" animate="AmNone" animateAutoDelay="0" animateDuration="500">
          <link targetPageID="" linkType="ltPageLink" isApplyIncludePage="False" title="%E9%93%BE%E6%8E%A5">
            <area shape="0" alt="" ID="{3BB04BE8-C6E2-4EE8-9821-5BAF9E264653}" coords="(0,0,360,31)"/>
          </link>
        </links>
        <interactiveData>
          <entry title="">
            <area shape="0" alt="" ID="{B74B848E-6DC2-4AB0-8639-4036E12D7ADA}" coords="(0,0,360,31)"/>
            <events title=""/>
          </entry>
        </interactiveData>
        <textSet textColor="4281545523" textSize="14" textFontFamily="%E5%BE%AE%E8%BD%AF%E9%9B%85%E9%BB%91" lineSpacingMultiple="1" textAlign="HaLeft" textVAlign="VaMiddle" textWordWrap="True" lineSpacing="18" textStyles="[]" useDefaultTextSize="False">
          <text>+++%E5%95%86%E5%93%81%E5%9B%BE%E7%89%87</text>
        </textSet>
        <selectedIndex>-1</selectedIndex>
        <selectedColor>4282501083</selectedColor>
        <textPadding>0</textPadding>
        <shapeBorderType>SbRectangle</shapeBorderType>
        <triangleType>TdZero</triangleType>
        <dashMode>SdSolid</dashMode>
        <rectangleBorderLeftVisible>True</rectangleBorderLeftVisible>
        <rectangleBorderRightVisible>True</rectangleBorderRightVisible>
        <rectangleBorderTopVisible>True</rectangleBorderTopVisible>
        <rectangleBorderBottomVisible>True</rectangleBorderBottomVisible>
        <radius>0</radius>
        <radiusIsPercent>False</radiusIsPercent>
        <thickness>1</thickness>
      </controlProperties>
    </control>
    <control controlID="FA205829-D47B-4296-BADE-5B71A45419B0" controlTypeID="Shape" isShow="True" caption="%E5%BD%A2%E7%8A%B6" x="0" y="80" w="360" h="101" measuredW="120" measuredH="100" zOrder="4" locked="False" sizeLocked="False">
      <controlProperties>
        <basic color="4294967295" borderVisible="True" borderColor="4284900966" isAutoSize="False" status="MsEnabled" opacity="1" isCommentCom="False" canMove="True" alias="" rotation="0"/>
        <states/>
        <verticalScrollbarShow>False</verticalScrollbarShow>
        <verticalScrollbarProgress>0</verticalScrollbarProgress>
        <horizontalScrollbarShow>False</horizontalScrollbarShow>
        <horizontalScrollbarProgress>0</horizontalScrollbarProgress>
        <links eventType="AtClick" animate="AmNone" animateAutoDelay="0" animateDuration="500">
          <link targetPageID="" linkType="ltPageLink" isApplyIncludePage="False" title="%E9%93%BE%E6%8E%A5">
            <area shape="0" alt="" ID="{CD567572-03B9-4F5E-A315-28F2E699A254}" coords="(0,0,360,101)"/>
          </link>
        </links>
        <interactiveData>
          <entry title="">
            <area shape="0" alt="" ID="{2DDA673F-F9EB-4963-A7BE-1CF45CA61A46}" coords="(0,0,360,101)"/>
            <events title=""/>
          </entry>
        </interactiveData>
        <textSet textColor="4278190080" textSize="12" textFontFamily="%E5%BE%AE%E8%BD%AF%E9%9B%85%E9%BB%91" lineSpacingMultiple="1" textAlign="HaCenter" textVAlign="VaMiddle" textWordWrap="True" lineSpacing="16" textStyles="[]" useDefaultTextSize="True"/>
        <selectedIndex>-1</selectedIndex>
        <selectedColor>4282501083</selectedColor>
        <textPadding>0</textPadding>
        <shapeBorderType>SbRectangle</shapeBorderType>
        <triangleType>TdZero</triangleType>
        <dashMode>SdSolid</dashMode>
        <rectangleBorderLeftVisible>True</rectangleBorderLeftVisible>
        <rectangleBorderRightVisible>True</rectangleBorderRightVisible>
        <rectangleBorderTopVisible>True</rectangleBorderTopVisible>
        <rectangleBorderBottomVisible>True</rectangleBorderBottomVisible>
        <radius>0</radius>
        <radiusIsPercent>False</radiusIsPercent>
        <thickness>1</thickness>
      </controlProperties>
    </control>
    <control controlID="DD83E112-1DC2-45D7-B1A9-EF2F40595203" controlTypeID="Image" isShow="True" caption="%E5%9B%BE%E7%89%87" x="4" y="84" w="95" h="91" measuredW="150" measuredH="150" zOrder="5" locked="False" sizeLocked="False">
      <controlProperties>
        <basic color="4294967295" borderVisible="False" borderColor="4284900966" isAutoSize="False" status="MsEnabled" opacity="1" isCommentCom="False" canMove="True" alias="" rotation="0"/>
        <states/>
        <verticalScrollbarShow>False</verticalScrollbarShow>
        <verticalScrollbarProgress>0</verticalScrollbarProgress>
        <horizontalScrollbarShow>False</horizontalScrollbarShow>
        <horizontalScrollbarProgress>0</horizontalScrollbarProgress>
        <links eventType="AtClick" animate="AmNone" animateAutoDelay="0" animateDuration="500">
          <link targetPageID="" linkType="ltPageLink" isApplyIncludePage="False" title="%E9%93%BE%E6%8E%A5">
            <area shape="0" alt="" ID="{0016A65B-AD5B-4294-BAA1-310F1C728A3F}" coords="(0,0,95,91)"/>
          </link>
        </links>
        <interactiveData>
          <entry title="">
            <area shape="0" alt="" ID="{D4A5290C-828F-4A8E-8A16-6DDB076F6C23}" coords="(0,0,95,91)"/>
            <events title=""/>
          </entry>
        </interactiveData>
        <rotationAngle>TdZero</rotationAngle>
        <clipShapeType>SbRectangle</clipShapeType>
        <radius>0</radius>
        <radiusIsPercent>False</radiusIsPercent>
        <filterType>MfNone</filterType>
        <filterPencilValue>2</filterPencilValue>
        <filterSketchValue>5</filterSketchValue>
        <URL>21C2A3205409B208586D1AC2A579F68B.png</URL>
        <FlipHorizontal>False</FlipHorizontal>
        <FlipVertical>False</FlipVertical>
        <fitMode>2</fitMode>
      </controlProperties>
    </control>
    <control controlID="D00A882E-2C98-4279-B498-7173AFBE95BC" controlTypeID="Shape" isShow="True" caption="%E5%BD%A2%E7%8A%B6" x="0" y="181" w="360" h="32" measuredW="120" measuredH="100" zOrder="6" locked="False" sizeLocked="False">
      <controlProperties>
        <basic color="4294967295" borderVisible="True" borderColor="4284900966" isAutoSize="False" status="MsEnabled" opacity="1" isCommentCom="False" canMove="True" alias="" rotation="0"/>
        <states/>
        <verticalScrollbarShow>False</verticalScrollbarShow>
        <verticalScrollbarProgress>0</verticalScrollbarProgress>
        <horizontalScrollbarShow>False</horizontalScrollbarShow>
        <horizontalScrollbarProgress>0</horizontalScrollbarProgress>
        <links eventType="AtClick" animate="AmNone" animateAutoDelay="0" animateDuration="500">
          <link targetPageID="" linkType="ltPageLink" isApplyIncludePage="False" title="%E9%93%BE%E6%8E%A5">
            <area shape="0" alt="" ID="{6D5332B6-81EE-4CD6-9BAB-30BE62FF6B52}" coords="(0,0,360,32)"/>
          </link>
        </links>
        <interactiveData>
          <entry title="">
            <area shape="0" alt="" ID="{CD84A643-C652-45E5-92DE-DD672A3A38C6}" coords="(0,0,360,32)"/>
            <events title=""/>
          </entry>
        </interactiveData>
        <textSet textColor="4284900966" textSize="14" textFontFamily="%E5%BE%AE%E8%BD%AF%E9%9B%85%E9%BB%91" lineSpacingMultiple="1" textAlign="HaLeft" textVAlign="VaMiddle" textWordWrap="True" lineSpacing="18" textStyles="[]" useDefaultTextSize="False">
          <text>+++%E5%95%86%E5%93%81%E6%8F%8F%E8%BF%B0</text>
        </textSet>
        <selectedIndex>-1</selectedIndex>
        <selectedColor>4282501083</selectedColor>
        <textPadding>0</textPadding>
        <shapeBorderType>SbRectangle</shapeBorderType>
        <triangleType>TdZero</triangleType>
        <dashMode>SdSolid</dashMode>
        <rectangleBorderLeftVisible>True</rectangleBorderLeftVisible>
        <rectangleBorderRightVisible>True</rectangleBorderRightVisible>
        <rectangleBorderTopVisible>True</rectangleBorderTopVisible>
        <rectangleBorderBottomVisible>True</rectangleBorderBottomVisible>
        <radius>0</radius>
        <radiusIsPercent>False</radiusIsPercent>
        <thickness>1</thickness>
      </controlProperties>
    </control>
    <control controlID="B2E91051-D282-4A63-8C6B-51113E700CB7" controlTypeID="Shape" isShow="True" caption="%E5%BD%A2%E7%8A%B6" x="-1" y="213" w="361" h="114" measuredW="120" measuredH="100" zOrder="7" locked="False" sizeLocked="False">
      <controlProperties>
        <basic color="4294967295" borderVisible="True" borderColor="4284900966" isAutoSize="False" status="MsEnabled" opacity="1" isCommentCom="False" canMove="True" alias="" rotation="0"/>
        <states/>
        <verticalScrollbarShow>False</verticalScrollbarShow>
        <verticalScrollbarProgress>0</verticalScrollbarProgress>
        <horizontalScrollbarShow>False</horizontalScrollbarShow>
        <horizontalScrollbarProgress>0</horizontalScrollbarProgress>
        <links eventType="AtClick" animate="AmNone" animateAutoDelay="0" animateDuration="500">
          <link targetPageID="" linkType="ltPageLink" isApplyIncludePage="False" title="%E9%93%BE%E6%8E%A5">
            <area shape="0" alt="" ID="{8B4FBF35-F0EF-437A-8815-A0E585ED63B5}" coords="(0,0,361,114)"/>
          </link>
        </links>
        <interactiveData>
          <entry title="">
            <area shape="0" alt="" ID="{87E39011-FEDB-4DA1-8585-4C6D69D72E3F}" coords="(0,0,361,114)"/>
            <events title=""/>
          </entry>
        </interactiveData>
        <textSet textColor="4291611852" textSize="12" textFontFamily="%E5%BE%AE%E8%BD%AF%E9%9B%85%E9%BB%91" lineSpacingMultiple="1" textAlign="HaCenter" textVAlign="VaMiddle" textWordWrap="True" lineSpacing="16" textStyles="[]" useDefaultTextSize="True">
          <text>%E8%AF%B7%E8%BE%93%E5%85%A5%E5%95%86%E5%93%81%E6%8F%8F%E8%BF%B0%E4%BF%A1%E6%81%AF</text>
        </textSet>
        <selectedIndex>-1</selectedIndex>
        <selectedColor>4282501083</selectedColor>
        <textPadding>0</textPadding>
        <shapeBorderType>SbRectangle</shapeBorderType>
        <triangleType>TdZero</triangleType>
        <dashMode>SdSolid</dashMode>
        <rectangleBorderLeftVisible>True</rectangleBorderLeftVisible>
        <rectangleBorderRightVisible>True</rectangleBorderRightVisible>
        <rectangleBorderTopVisible>True</rectangleBorderTopVisible>
        <rectangleBorderBottomVisible>True</rectangleBorderBottomVisible>
        <radius>0</radius>
        <radiusIsPercent>False</radiusIsPercent>
        <thickness>1</thickness>
      </controlProperties>
    </control>
    <control controlID="B4A81D8E-9C85-40DC-BD64-F78A3B5C8ABB" controlTypeID="Shape" isShow="True" caption="%E5%BD%A2%E7%8A%B6" x="-1" y="331" w="361" h="162" measuredW="120" measuredH="100" zOrder="8" locked="False" sizeLocked="False">
      <controlProperties>
        <basic color="4294967295" borderVisible="True" borderColor="4284900966" isAutoSize="False" status="MsEnabled" opacity="1" isCommentCom="False" canMove="True" alias="" rotation="0"/>
        <states/>
        <verticalScrollbarShow>False</verticalScrollbarShow>
        <verticalScrollbarProgress>0</verticalScrollbarProgress>
        <horizontalScrollbarShow>False</horizontalScrollbarShow>
        <horizontalScrollbarProgress>0</horizontalScrollbarProgress>
        <links eventType="AtClick" animate="AmNone" animateAutoDelay="0" animateDuration="500">
          <link targetPageID="" linkType="ltPageLink" isApplyIncludePage="False" title="%E9%93%BE%E6%8E%A5">
            <area shape="0" alt="" ID="{8DEE2E57-516F-43B5-95C3-CE5B7DC6F78E}" coords="(0,0,361,162)"/>
          </link>
        </links>
        <interactiveData>
          <entry title="">
            <area shape="0" alt="" ID="{2240449B-A51C-4FB2-BE2D-CCB83AA9D717}" coords="(0,0,361,162)"/>
            <events title=""/>
          </entry>
        </interactiveData>
        <textSet textColor="4278190080" textSize="12" textFontFamily="%E5%BE%AE%E8%BD%AF%E9%9B%85%E9%BB%91" lineSpacingMultiple="1" textAlign="HaCenter" textVAlign="VaMiddle" textWordWrap="True" lineSpacing="16" textStyles="[]" useDefaultTextSize="True"/>
        <selectedIndex>0</selectedIndex>
        <selectedColor>4282501083</selectedColor>
        <textPadding>0</textPadding>
        <shapeBorderType>SbRectangle</shapeBorderType>
        <triangleType>TdZero</triangleType>
        <dashMode>SdSolid</dashMode>
        <rectangleBorderLeftVisible>True</rectangleBorderLeftVisible>
        <rectangleBorderRightVisible>True</rectangleBorderRightVisible>
        <rectangleBorderTopVisible>True</rectangleBorderTopVisible>
        <rectangleBorderBottomVisible>True</rectangleBorderBottomVisible>
        <radius>0</radius>
        <radiusIsPercent>False</radiusIsPercent>
        <thickness>1</thickness>
      </controlProperties>
    </control>
    <control controlID="BEC8CC07-CDED-4F3F-94C6-20958DB2A027" controlTypeID="TextInput" isShow="True" caption="%E8%BE%93%E5%85%A5%E6%A1%86" x="54" y="337" w="294" h="29" measuredW="138" measuredH="36" zOrder="9" locked="False" sizeLocked="False">
      <controlProperties>
        <basic color="4294967295" borderVisible="True" borderColor="4291611852" isAutoSize="False" status="MsEnabled" opacity="1" isCommentCom="False" canMove="True" alias="" rotation="0"/>
        <states/>
        <verticalScrollbarShow>False</verticalScrollbarShow>
        <verticalScrollbarProgress>0</verticalScrollbarProgress>
        <horizontalScrollbarShow>False</horizontalScrollbarShow>
        <horizontalScrollbarProgress>0</horizontalScrollbarProgress>
        <links eventType="AtClick" animate="AmNone" animateAutoDelay="0" animateDuration="500">
          <link targetPageID="" linkType="ltPageLink" isApplyIncludePage="False" title="%E9%93%BE%E6%8E%A5">
            <area shape="0" alt="" ID="{69D4987D-2E50-4FD6-BB1A-83542E1C22A3}" coords="(0,0,294,29)"/>
          </link>
        </links>
        <interactiveData>
          <entry title="">
            <area shape="0" alt="" ID="{3371F5D4-04BC-41DB-8056-D61832F6733B}" coords="(0,0,294,29)"/>
            <events title=""/>
          </entry>
        </interactiveData>
        <textSet textColor="4291611852" textSize="12" textFontFamily="%E5%BE%AE%E8%BD%AF%E9%9B%85%E9%BB%91" lineSpacingMultiple="1" textAlign="HaLeft" textVAlign="VaMiddle" textWordWrap="True" lineSpacing="16" textStyles="[]" useDefaultTextSize="True">
          <text>%E8%AF%B7%E8%BE%93%E5%85%A5%E5%9E%8B%E5%8F%B7</text>
        </textSet>
        <selectedIndex>0</selectedIndex>
        <selectedColor>4282501083</selectedColor>
        <textPadding>0</textPadding>
        <canInput>True</canInput>
      </controlProperties>
    </control>
    <control controlID="86DE072B-45DA-411B-B908-6BA60EC291A1" controlTypeID="Label" isShow="True" caption="%E5%8D%95%E8%A1%8C%E6%96%87%E5%AD%97" x="9" y="341" w="42" h="22" measuredW="0" measuredH="0" zOrder="10" locked="False" sizeLocked="False">
      <controlProperties>
        <basic color="0" borderVisible="True" borderColor="4284900966" isAutoSize="True" status="MsEnabled" opacity="1" isCommentCom="False" canMove="True" alias="" rotation="0"/>
        <states/>
        <verticalScrollbarShow>False</verticalScrollbarShow>
        <verticalScrollbarProgress>0</verticalScrollbarProgress>
        <horizontalScrollbarShow>False</horizontalScrollbarShow>
        <horizontalScrollbarProgress>0</horizontalScrollbarProgress>
        <links eventType="AtClick" animate="AmNone" animateAutoDelay="0" animateDuration="500">
          <link targetPageID="" linkType="ltPageLink" isApplyIncludePage="False" title="%E9%93%BE%E6%8E%A5">
            <area shape="0" alt="" ID="{F52EC605-C5D5-4471-A559-0889A583D8C8}" coords="(0,0,42,22)"/>
          </link>
        </links>
        <interactiveData>
          <entry title="">
            <area shape="0" alt="" ID="{45259D25-13F0-41AE-B102-EF4017CDD688}" coords="(0,0,42,22)"/>
            <events title=""/>
          </entry>
        </interactiveData>
        <textSet textColor="4278190080" textSize="16" textFontFamily="%E5%BE%AE%E8%BD%AF%E9%9B%85%E9%BB%91" lineSpacingMultiple="1" textAlign="HaLeft" textVAlign="VaTop" textWordWrap="True" lineSpacing="21" textStyles="[]" useDefaultTextSize="False">
          <text>%E5%9E%8B%E5%8F%B7%EF%BC%9A</text>
        </textSet>
        <selectedIndex>0</selectedIndex>
        <selectedColor>4282501083</selectedColor>
        <textPadding>0</textPadding>
      </controlProperties>
    </control>
    <control controlID="7E8DCB66-CF04-4ED8-810B-E46F1443BFA5" controlTypeID="Line" isShow="True" caption="%E7%BA%BF%E6%AE%B5" x="1" y="373" w="355" h="1" measuredW="120" measuredH="120" zOrder="11" locked="False" sizeLocked="False">
      <controlProperties>
        <basic color="4284900966" borderVisible="True" borderColor="4284900966" isAutoSize="False" status="MsEnabled" opacity="1" isCommentCom="False" canMove="True" alias="" rotation="0"/>
        <states/>
        <verticalScrollbarShow>False</verticalScrollbarShow>
        <verticalScrollbarProgress>0</verticalScrollbarProgress>
        <horizontalScrollbarShow>False</horizontalScrollbarShow>
        <horizontalScrollbarProgress>0</horizontalScrollbarProgress>
        <links eventType="AtClick" animate="AmNone" animateAutoDelay="0" animateDuration="500">
          <link targetPageID="" linkType="ltPageLink" isApplyIncludePage="False" title="%E9%93%BE%E6%8E%A5">
            <area shape="0" alt="" ID="{9D1640AE-036F-45A0-941F-E54F27724931}" coords="(0,0,355,1)"/>
          </link>
        </links>
        <interactiveData>
          <entry title="">
            <area shape="0" alt="" ID="{4F6ED7FB-E5F1-4055-945B-332E4002D59B}" coords="(0,0,355,1)"/>
            <events title=""/>
          </entry>
        </interactiveData>
        <textSet textColor="4278190080" textSize="12" textFontFamily="%E5%BE%AE%E8%BD%AF%E9%9B%85%E9%BB%91" lineSpacingMultiple="1" textAlign="HaCenter" textVAlign="VaTop" textWordWrap="True" lineSpacing="16" textStyles="[]" useDefaultTextSize="True"/>
        <selectedIndex>0</selectedIndex>
        <selectedColor>4282501083</selectedColor>
        <textPadding>0</textPadding>
        <controlPoint>(178,0)</controlPoint>
        <startPoint>(1,0)</startPoint>
        <endPoint>(355,0)</endPoint>
        <thickness>1</thickness>
        <dashMode>SdSolid</dashMode>
        <textBackgroundColor>4294967295</textBackgroundColor>
        <textBorderColor>4284900966</textBorderColor>
        <showStartArrow>0</showStartArrow>
        <showEndArrow>0</showEndArrow>
        <isCurved>True</isCurved>
        <isTextPosCenter>True</isTextPosCenter>
      </controlProperties>
    </control>
    <control controlID="189F4FA3-B641-4555-9267-635005E673F6" controlTypeID="TextInput" isShow="True" caption="%E8%BE%93%E5%85%A5%E6%A1%86" x="55" y="376" w="294" h="29" measuredW="138" measuredH="36" zOrder="12" locked="False" sizeLocked="False">
      <controlProperties>
        <basic color="4294967295" borderVisible="True" borderColor="4291611852" isAutoSize="False" status="MsEnabled" opacity="1" isCommentCom="False" canMove="True" alias="" rotation="0"/>
        <states/>
        <verticalScrollbarShow>False</verticalScrollbarShow>
        <verticalScrollbarProgress>0</verticalScrollbarProgress>
        <horizontalScrollbarShow>False</horizontalScrollbarShow>
        <horizontalScrollbarProgress>0</horizontalScrollbarProgress>
        <links eventType="AtClick" animate="AmNone" animateAutoDelay="0" animateDuration="500">
          <link targetPageID="" linkType="ltPageLink" isApplyIncludePage="False" title="%E9%93%BE%E6%8E%A5">
            <area shape="0" alt="" ID="{69D4987D-2E50-4FD6-BB1A-83542E1C22A3}" coords="(0,0,294,29)"/>
          </link>
        </links>
        <interactiveData>
          <entry title="">
            <area shape="0" alt="" ID="{3371F5D4-04BC-41DB-8056-D61832F6733B}" coords="(0,0,294,29)"/>
            <events title=""/>
          </entry>
        </interactiveData>
        <textSet textColor="4291611852" textSize="12" textFontFamily="%E5%BE%AE%E8%BD%AF%E9%9B%85%E9%BB%91" lineSpacingMultiple="1" textAlign="HaLeft" textVAlign="VaMiddle" textWordWrap="True" lineSpacing="16" textStyles="[]" useDefaultTextSize="True">
          <text>%E8%AF%B7%E5%87%BA%E5%85%A5%E4%BB%B7%E6%A0%BC</text>
        </textSet>
        <selectedIndex>-1</selectedIndex>
        <selectedColor>4282501083</selectedColor>
        <textPadding>0</textPadding>
        <canInput>True</canInput>
      </controlProperties>
    </control>
    <control controlID="43974279-4138-43E1-BD09-50F839739187" controlTypeID="Label" isShow="True" caption="%E5%8D%95%E8%A1%8C%E6%96%87%E5%AD%97" x="8" y="378" w="42" h="22" measuredW="0" measuredH="0" zOrder="13" locked="False" sizeLocked="False">
      <controlProperties>
        <basic color="0" borderVisible="True" borderColor="4284900966" isAutoSize="True" status="MsEnabled" opacity="1" isCommentCom="False" canMove="True" alias="" rotation="0"/>
        <states/>
        <verticalScrollbarShow>False</verticalScrollbarShow>
        <verticalScrollbarProgress>0</verticalScrollbarProgress>
        <horizontalScrollbarShow>False</horizontalScrollbarShow>
        <horizontalScrollbarProgress>0</horizontalScrollbarProgress>
        <links eventType="AtClick" animate="AmNone" animateAutoDelay="0" animateDuration="500">
          <link targetPageID="" linkType="ltPageLink" isApplyIncludePage="False" title="%E9%93%BE%E6%8E%A5">
            <area shape="0" alt="" ID="{F52EC605-C5D5-4471-A559-0889A583D8C8}" coords="(0,0,42,22)"/>
          </link>
        </links>
        <interactiveData>
          <entry title="">
            <area shape="0" alt="" ID="{45259D25-13F0-41AE-B102-EF4017CDD688}" coords="(0,0,42,22)"/>
            <events title=""/>
          </entry>
        </interactiveData>
        <textSet textColor="4278190080" textSize="16" textFontFamily="%E5%BE%AE%E8%BD%AF%E9%9B%85%E9%BB%91" lineSpacingMultiple="1" textAlign="HaLeft" textVAlign="VaTop" textWordWrap="True" lineSpacing="21" textStyles="[]" useDefaultTextSize="False">
          <text>%E4%BB%B7%E6%A0%BC%EF%BC%9A</text>
        </textSet>
        <selectedIndex>-1</selectedIndex>
        <selectedColor>4282501083</selectedColor>
        <textPadding>0</textPadding>
      </controlProperties>
    </control>
    <control controlID="FA14619B-356B-4AFB-AB55-5CDD17C0EDE5" controlTypeID="Line" isShow="True" caption="%E7%BA%BF%E6%AE%B5" x="0" y="410" w="355" h="1" measuredW="120" measuredH="120" zOrder="14" locked="False" sizeLocked="False">
      <controlProperties>
        <basic color="4284900966" borderVisible="True" borderColor="4284900966" isAutoSize="False" status="MsEnabled" opacity="1" isCommentCom="False" canMove="True" alias="" rotation="0"/>
        <states/>
        <verticalScrollbarShow>False</verticalScrollbarShow>
        <verticalScrollbarProgress>0</verticalScrollbarProgress>
        <horizontalScrollbarShow>False</horizontalScrollbarShow>
        <horizontalScrollbarProgress>0</horizontalScrollbarProgress>
        <links eventType="AtClick" animate="AmNone" animateAutoDelay="0" animateDuration="500">
          <link targetPageID="" linkType="ltPageLink" isApplyIncludePage="False" title="%E9%93%BE%E6%8E%A5">
            <area shape="0" alt="" ID="{9D1640AE-036F-45A0-941F-E54F27724931}" coords="(0,0,355,1)"/>
          </link>
        </links>
        <interactiveData>
          <entry title="">
            <area shape="0" alt="" ID="{4F6ED7FB-E5F1-4055-945B-332E4002D59B}" coords="(0,0,355,1)"/>
            <events title=""/>
          </entry>
        </interactiveData>
        <textSet textColor="4278190080" textSize="12" textFontFamily="%E5%BE%AE%E8%BD%AF%E9%9B%85%E9%BB%91" lineSpacingMultiple="1" textAlign="HaCenter" textVAlign="VaTop" textWordWrap="True" lineSpacing="16" textStyles="[]" useDefaultTextSize="True"/>
        <selectedIndex>-1</selectedIndex>
        <selectedColor>4282501083</selectedColor>
        <textPadding>0</textPadding>
        <controlPoint>(178,0)</controlPoint>
        <startPoint>(1,0)</startPoint>
        <endPoint>(355,0)</endPoint>
        <thickness>1</thickness>
        <dashMode>SdSolid</dashMode>
        <textBackgroundColor>4294967295</textBackgroundColor>
        <textBorderColor>4284900966</textBorderColor>
        <showStartArrow>0</showStartArrow>
        <showEndArrow>0</showEndArrow>
        <isCurved>True</isCurved>
        <isTextPosCenter>True</isTextPosCenter>
      </controlProperties>
    </control>
    <control controlID="9FA6FAD6-73B3-4BBA-BB45-9A2082801B98" controlTypeID="TextInput" isShow="True" caption="%E8%BE%93%E5%85%A5%E6%A1%86" x="55" y="414" w="294" h="29" measuredW="138" measuredH="36" zOrder="15" locked="False" sizeLocked="False">
      <controlProperties>
        <basic color="4294967295" borderVisible="True" borderColor="4291611852" isAutoSize="False" status="MsEnabled" opacity="1" isCommentCom="False" canMove="True" alias="" rotation="0"/>
        <states/>
        <verticalScrollbarShow>False</verticalScrollbarShow>
        <verticalScrollbarProgress>0</verticalScrollbarProgress>
        <horizontalScrollbarShow>False</horizontalScrollbarShow>
        <horizontalScrollbarProgress>0</horizontalScrollbarProgress>
        <links eventType="AtClick" animate="AmNone" animateAutoDelay="0" animateDuration="500">
          <link targetPageID="" linkType="ltPageLink" isApplyIncludePage="False" title="%E9%93%BE%E6%8E%A5">
            <area shape="0" alt="" ID="{69D4987D-2E50-4FD6-BB1A-83542E1C22A3}" coords="(0,0,294,29)"/>
          </link>
        </links>
        <interactiveData>
          <entry title="">
            <area shape="0" alt="" ID="{3371F5D4-04BC-41DB-8056-D61832F6733B}" coords="(0,0,294,29)"/>
            <events title=""/>
          </entry>
        </interactiveData>
        <textSet textColor="4291611852" textSize="12" textFontFamily="%E5%BE%AE%E8%BD%AF%E9%9B%85%E9%BB%91" lineSpacingMultiple="1" textAlign="HaLeft" textVAlign="VaMiddle" textWordWrap="True" lineSpacing="16" textStyles="[]" useDefaultTextSize="True">
          <text>%E8%AF%B7%E8%BE%93%E5%85%A5%E5%BA%93%E5%AD%98</text>
        </textSet>
        <selectedIndex>-1</selectedIndex>
        <selectedColor>4282501083</selectedColor>
        <textPadding>0</textPadding>
        <canInput>True</canInput>
      </controlProperties>
    </control>
    <control controlID="4F71BA15-A9DC-45C1-BD71-2A64420CC6A1" controlTypeID="Label" isShow="True" caption="%E5%8D%95%E8%A1%8C%E6%96%87%E5%AD%97" x="8" y="416" w="42" h="22" measuredW="0" measuredH="0" zOrder="16" locked="False" sizeLocked="False">
      <controlProperties>
        <basic color="0" borderVisible="True" borderColor="4284900966" isAutoSize="True" status="MsEnabled" opacity="1" isCommentCom="False" canMove="True" alias="" rotation="0"/>
        <states/>
        <verticalScrollbarShow>False</verticalScrollbarShow>
        <verticalScrollbarProgress>0</verticalScrollbarProgress>
        <horizontalScrollbarShow>False</horizontalScrollbarShow>
        <horizontalScrollbarProgress>0</horizontalScrollbarProgress>
        <links eventType="AtClick" animate="AmNone" animateAutoDelay="0" animateDuration="500">
          <link targetPageID="" linkType="ltPageLink" isApplyIncludePage="False" title="%E9%93%BE%E6%8E%A5">
            <area shape="0" alt="" ID="{F52EC605-C5D5-4471-A559-0889A583D8C8}" coords="(0,0,42,22)"/>
          </link>
        </links>
        <interactiveData>
          <entry title="">
            <area shape="0" alt="" ID="{45259D25-13F0-41AE-B102-EF4017CDD688}" coords="(0,0,42,22)"/>
            <events title=""/>
          </entry>
        </interactiveData>
        <textSet textColor="4278190080" textSize="16" textFontFamily="%E5%BE%AE%E8%BD%AF%E9%9B%85%E9%BB%91" lineSpacingMultiple="1" textAlign="HaLeft" textVAlign="VaTop" textWordWrap="True" lineSpacing="21" textStyles="[]" useDefaultTextSize="False">
          <text>%E5%BA%93%E5%AD%98%EF%BC%9A</text>
        </textSet>
        <selectedIndex>-1</selectedIndex>
        <selectedColor>4282501083</selectedColor>
        <textPadding>0</textPadding>
      </controlProperties>
    </control>
    <control controlID="DE79010C-2535-4698-ADE2-B6622B83FC0D" controlTypeID="CompositeComboBox" isShow="True" caption="%E4%B8%8B%E6%8B%89%E5%88%97%E8%A1%A8%E6%A1%86" x="55" y="457" w="296" h="30" measuredW="102" measuredH="36" zOrder="17" locked="False" sizeLocked="False">
      <controlProperties>
        <basic color="4294967295" borderVisible="True" borderColor="4284900966" isAutoSize="False" status="MsEnabled" opacity="1" isCommentCom="False" canMove="True" alias="" rotation="0"/>
        <states/>
        <verticalScrollbarShow>False</verticalScrollbarShow>
        <verticalScrollbarProgress>0</verticalScrollbarProgress>
        <horizontalScrollbarShow>False</horizontalScrollbarShow>
        <horizontalScrollbarProgress>0</horizontalScrollbarProgress>
        <links eventType="AtClick" animate="AmNone" animateAutoDelay="0" animateDuration="500">
          <link targetPageID="" linkType="ltPageLink" isApplyIncludePage="False" title="%E9%93%BE%E6%8E%A5">
            <area shape="0" alt="" ID="{B13B2D6B-4669-436B-B624-4FCA0E46EC8D}" coords="(0,0,296,30)"/>
          </link>
        </links>
        <interactiveData>
          <entry title="">
            <area shape="0" alt="" ID="{F2A087B3-CDCF-47E3-AF41-1CEB3A4FE0FE}" coords="(0,0,296,30)"/>
            <events title=""/>
          </entry>
        </interactiveData>
        <groupChildrenDescriptors>
          <control controlID="679EBF95-8993-4DC6-ADD5-15757D183E45" controlTypeID="TextInput" isShow="True" caption="%E8%BE%93%E5%85%A5%E6%A1%86" x="0" y="0" w="273" h="30" measuredW="138" measuredH="36" zOrder="0" locked="True" sizeLocked="False">
            <controlProperties>
              <basic color="4294967295" borderVisible="True" borderColor="4284900966" isAutoSize="False" status="MsEnabled" opacity="1" isCommentCom="False" canMove="False" alias="input" rotation="0"/>
              <states/>
              <verticalScrollbarShow>False</verticalScrollbarShow>
              <verticalScrollbarProgress>0</verticalScrollbarProgress>
              <horizontalScrollbarShow>False</horizontalScrollbarShow>
              <horizontalScrollbarProgress>0</horizontalScrollbarProgress>
              <links eventType="AtClick" animate="AmNone" animateAutoDelay="0" animateDuration="500">
                <link targetPageID="" linkType="ltPageLink" isApplyIncludePage="False" title="%E9%93%BE%E6%8E%A5">
                  <area shape="0" alt="" ID="{D25F2BE5-2CEA-4E30-9432-E2F6E4871C15}" coords="(0,0,273,30)"/>
                </link>
              </links>
              <interactiveData>
                <entry title="">
                  <area shape="0" alt="" ID="{AA461FB6-2EEB-459E-8DF9-F5D9EFBA8E5F}" coords="(0,0,273,30)"/>
                  <events title=""/>
                </entry>
              </interactiveData>
              <textSet textColor="4278190080" textSize="12" textFontFamily="%E5%BE%AE%E8%BD%AF%E9%9B%85%E9%BB%91" lineSpacingMultiple="1" textAlign="HaLeft" textVAlign="VaMiddle" textWordWrap="True" lineSpacing="16" textStyles="[]" useDefaultTextSize="True">
                <text>%E6%9D%A1%E7%9B%AE%E4%B8%80</text>
              </textSet>
              <selectedIndex>0</selectedIndex>
              <selectedColor>4282501083</selectedColor>
              <textPadding>0</textPadding>
              <canInput>True</canInput>
            </controlProperties>
          </control>
          <control controlID="F5B805AB-8204-47D7-A93D-F29588FCD742" controlTypeID="Button" isShow="True" caption="%E6%8C%89%E9%92%AE" x="272" y="0" w="24" h="30" measuredW="78" measuredH="36" zOrder="1" locked="True" sizeLocked="False">
            <controlProperties>
              <basic color="4294967295" borderVisible="True" borderColor="4284900966" isAutoSize="False" status="MsEnabled" opacity="1" isCommentCom="False" canMove="False" alias="button" rotation="0"/>
              <states/>
              <verticalScrollbarShow>False</verticalScrollbarShow>
              <verticalScrollbarProgress>0</verticalScrollbarProgress>
              <horizontalScrollbarShow>False</horizontalScrollbarShow>
              <horizontalScrollbarProgress>0</horizontalScrollbarProgress>
              <links eventType="AtClick" animate="AmNone" animateAutoDelay="0" animateDuration="500">
                <link targetPageID="" linkType="ltPageLink" isApplyIncludePage="False" title="%E9%93%BE%E6%8E%A5">
                  <area shape="0" alt="" ID="{D61BF55F-09CF-4F9B-A5E5-4956AD6376DE}" coords="(0,0,24,30)"/>
                </link>
              </links>
              <interactiveData>
                <entry title="">
                  <area shape="0" alt="" ID="{B980EBC2-34F5-4429-B436-801603093DE6}" coords="(0,0,24,30)"/>
                  <events title=""/>
                </entry>
              </interactiveData>
              <textSet textColor="4278190080" textSize="12" textFontFamily="%E5%BE%AE%E8%BD%AF%E9%9B%85%E9%BB%91" lineSpacingMultiple="1" textAlign="HaCenter" textVAlign="VaMiddle" textWordWrap="True" lineSpacing="16" textStyles="[]" useDefaultTextSize="True"/>
              <selectedIndex>0</selectedIndex>
              <selectedColor>4282501083</selectedColor>
              <textPadding>0</textPadding>
              <radius>0</radius>
              <radiusIsPercent>False</radiusIsPercent>
              <buttonStatus>BsNormal</buttonStatus>
              <thickness>1</thickness>
              <isAutoTextColor>True</isAutoTextColor>
              <borderColor>4284900966</borderColor>
            </controlProperties>
          </control>
          <control controlID="A7C31C35-A7CC-4FAB-A80A-E567B015C688" controlTypeID="List" isShow="False" caption="%E5%88%97%E8%A1%A8" x="0" y="30" w="296" h="156" measuredW="168" measuredH="252" zOrder="2" locked="False" sizeLocked="False">
            <controlProperties>
              <basic color="4294967295" borderVisible="True" borderColor="4284900966" isAutoSize="False" status="MsEnabled" opacity="1" isCommentCom="False" canMove="False" alias="dropDown" rotation="0"/>
              <states/>
              <verticalScrollbarShow>False</verticalScrollbarShow>
              <verticalScrollbarProgress>0</verticalScrollbarProgress>
              <horizontalScrollbarShow>False</horizontalScrollbarShow>
              <horizontalScrollbarProgress>0</horizontalScrollbarProgress>
              <links eventType="AtClick" animate="AmNone" animateAutoDelay="0" animateDuration="500">
                <link targetPageID="" linkType="ltPageLink" isApplyIncludePage="False" title="%E6%9D%A1%E7%9B%AE%E4%B8%80">
                  <area shape="0" alt="" ID="{FB1CBACE-B62D-479A-9155-2FD6FA7C9949}" coords="(1,1,199,40)"/>
                </link>
                <link targetPageID="" linkType="ltPageLink" isApplyIncludePage="False" title="%E6%9D%A1%E7%9B%AE%E4%BA%8C">
                  <area shape="0" alt="" ID="{482C2952-0178-4BF5-8770-9B9B5E26CDCC}" coords="(1,40,199,79)"/>
                </link>
                <link targetPageID="" linkType="ltPageLink" isApplyIncludePage="False" title="%E6%9D%A1%E7%9B%AE%E4%B8%89">
                  <area shape="0" alt="" ID="{5C191D2E-77AA-4C9F-BA1B-79A39EB9B486}" coords="(1,79,199,118)"/>
                </link>
                <link targetPageID="" linkType="ltPageLink" isApplyIncludePage="False" title="%E6%9D%A1%E7%9B%AE%E5%9B%9B">
                  <area shape="0" alt="" ID="{1D1F5F82-C8AA-4D71-B2D0-D684DF49E1D7}" coords="(1,118,199,157)"/>
                </link>
              </links>
              <interactiveData>
                <entry title="%E6%9D%A1%E7%9B%AE%E4%B8%80">
                  <area shape="0" alt="" ID="{947D3EE7-E61F-43E2-9B8B-0FCA1993BA45}" coords="(1,1,199,40)"/>
                  <events title=""/>
                </entry>
                <entry title="%E6%9D%A1%E7%9B%AE%E4%BA%8C">
                  <area shape="0" alt="" ID="{BAC5CE5A-6FBE-4065-9158-6F45D8F9AB9B}" coords="(1,40,199,79)"/>
                  <events title=""/>
                </entry>
                <entry title="%E6%9D%A1%E7%9B%AE%E4%B8%89">
                  <area shape="0" alt="" ID="{1111A071-32A6-4DDD-96D9-6C98D2238ECF}" coords="(1,79,199,118)"/>
                  <events title=""/>
                </entry>
                <entry title="%E6%9D%A1%E7%9B%AE%E5%9B%9B">
                  <area shape="0" alt="" ID="{0E9B5FB1-0AFB-4185-9781-23B2D61458D7}" coords="(1,118,199,157)"/>
                  <events title=""/>
                </entry>
              </interactiveData>
              <textSet textColor="4278190080" textSize="12" textFontFamily="%E5%BE%AE%E8%BD%AF%E9%9B%85%E9%BB%91" lineSpacingMultiple="1" textAlign="HaLeft" textVAlign="VaTop" textWordWrap="True" lineSpacing="16" textStyles="[]" useDefaultTextSize="True">
                <text>%E6%9D%A1%E7%9B%AE%E4%B8%80%0D%0A%E6%9D%A1%E7%9B%AE%E4%BA%8C%0D%0A%E6%9D%A1%E7%9B%AE%E4%B8%89%0D%0A%E6%9D%A1%E7%9B%AE%E5%9B%9B</text>
              </textSet>
              <selectedIndex>0</selectedIndex>
              <selectedColor>4282501083</selectedColor>
              <textPadding>10</textPadding>
              <itemHeight>30</itemHeight>
              <isInterlace>False</isInterlace>
              <interlaceColor>4294967295</interlaceColor>
              <ShowHLine>False</ShowHLine>
            </controlProperties>
          </control>
        </groupChildrenDescriptors>
        <rowCount>5</rowCount>
        <canInput>False</canInput>
        <baseHeight>30</baseHeight>
        <textSet textColor="4278190080" textSize="12" textFontFamily="%E5%BE%AE%E8%BD%AF%E9%9B%85%E9%BB%91" textStyles="[]"/>
      </controlProperties>
    </control>
    <control controlID="08CD2D45-6CB0-461A-87EC-C2930DC13E2C" controlTypeID="Label" isShow="True" caption="%E5%8D%95%E8%A1%8C%E6%96%87%E5%AD%97" x="6" y="459" w="42" h="22" measuredW="0" measuredH="0" zOrder="18" locked="False" sizeLocked="False">
      <controlProperties>
        <basic color="0" borderVisible="True" borderColor="4284900966" isAutoSize="True" status="MsEnabled" opacity="1" isCommentCom="False" canMove="True" alias="" rotation="0"/>
        <states/>
        <verticalScrollbarShow>False</verticalScrollbarShow>
        <verticalScrollbarProgress>0</verticalScrollbarProgress>
        <horizontalScrollbarShow>False</horizontalScrollbarShow>
        <horizontalScrollbarProgress>0</horizontalScrollbarProgress>
        <links eventType="AtClick" animate="AmNone" animateAutoDelay="0" animateDuration="500">
          <link targetPageID="" linkType="ltPageLink" isApplyIncludePage="False" title="%E9%93%BE%E6%8E%A5">
            <area shape="0" alt="" ID="{F52EC605-C5D5-4471-A559-0889A583D8C8}" coords="(0,0,42,22)"/>
          </link>
        </links>
        <interactiveData>
          <entry title="">
            <area shape="0" alt="" ID="{45259D25-13F0-41AE-B102-EF4017CDD688}" coords="(0,0,42,22)"/>
            <events title=""/>
          </entry>
        </interactiveData>
        <textSet textColor="4278190080" textSize="16" textFontFamily="%E5%BE%AE%E8%BD%AF%E9%9B%85%E9%BB%91" lineSpacingMultiple="1" textAlign="HaLeft" textVAlign="VaTop" textWordWrap="True" lineSpacing="21" textStyles="[]" useDefaultTextSize="False">
          <text>%E5%88%86%E7%B1%BB%EF%BC%9A</text>
        </textSet>
        <selectedIndex>-1</selectedIndex>
        <selectedColor>4282501083</selectedColor>
        <textPadding>0</textPadding>
      </controlProperties>
    </control>
    <control controlID="69712AD0-A0C7-4FF2-8639-53AE8143A6BA" controlTypeID="Line" isShow="True" caption="%E7%BA%BF%E6%AE%B5" x="3" y="450" w="355" h="1" measuredW="120" measuredH="120" zOrder="19" locked="False" sizeLocked="False">
      <controlProperties>
        <basic color="4284900966" borderVisible="True" borderColor="4284900966" isAutoSize="False" status="MsEnabled" opacity="1" isCommentCom="False" canMove="True" alias="" rotation="0"/>
        <states/>
        <verticalScrollbarShow>False</verticalScrollbarShow>
        <verticalScrollbarProgress>0</verticalScrollbarProgress>
        <horizontalScrollbarShow>False</horizontalScrollbarShow>
        <horizontalScrollbarProgress>0</horizontalScrollbarProgress>
        <links eventType="AtClick" animate="AmNone" animateAutoDelay="0" animateDuration="500">
          <link targetPageID="" linkType="ltPageLink" isApplyIncludePage="False" title="%E9%93%BE%E6%8E%A5">
            <area shape="0" alt="" ID="{9D1640AE-036F-45A0-941F-E54F27724931}" coords="(0,0,355,1)"/>
          </link>
        </links>
        <interactiveData>
          <entry title="">
            <area shape="0" alt="" ID="{4F6ED7FB-E5F1-4055-945B-332E4002D59B}" coords="(0,0,355,1)"/>
            <events title=""/>
          </entry>
        </interactiveData>
        <textSet textColor="4278190080" textSize="12" textFontFamily="%E5%BE%AE%E8%BD%AF%E9%9B%85%E9%BB%91" lineSpacingMultiple="1" textAlign="HaCenter" textVAlign="VaTop" textWordWrap="True" lineSpacing="16" textStyles="[]" useDefaultTextSize="True"/>
        <selectedIndex>-1</selectedIndex>
        <selectedColor>4282501083</selectedColor>
        <textPadding>0</textPadding>
        <controlPoint>(178,0)</controlPoint>
        <startPoint>(1,0)</startPoint>
        <endPoint>(355,0)</endPoint>
        <thickness>1</thickness>
        <dashMode>SdSolid</dashMode>
        <textBackgroundColor>4294967295</textBackgroundColor>
        <textBorderColor>4284900966</textBorderColor>
        <showStartArrow>0</showStartArrow>
        <showEndArrow>0</showEndArrow>
        <isCurved>True</isCurved>
        <isTextPosCenter>True</isTextPosCenter>
      </controlProperties>
    </control>
  </controls>
  <param>
    <backgroundColor>4294967295</backgroundColor>
    <fontFamily/>
    <guideLines/>
  </param>
</mockup>