﻿<mockup version="4.2" platform="MtMobile" defaultW="360" defaultH="640" from="FmLocal" screenOrientation="MoPortrait" mobileScreenScale="1.77777779102325" minAllowVersion="4.1" ID="E16F9AAF-79FA-480E-91E3-36D455E25AFD" measureW="360" measureH="640">
  <controls controlCount="7">
    <control controlID="3D59DEBC-C0FE-4947-A19F-C7441A29F9A5" controlTypeID="Shape" isShow="True" caption="%E5%BD%A2%E7%8A%B6" x="0" y="0" w="360" h="49" measuredW="120" measuredH="100" zOrder="0" locked="False" sizeLocked="False">
      <controlProperties>
        <basic color="4291559424" borderVisible="True" borderColor="4284900966" isAutoSize="False" status="MsEnabled" opacity="1" isCommentCom="False" canMove="True" alias="" rotation="0"/>
        <states/>
        <verticalScrollbarShow>False</verticalScrollbarShow>
        <verticalScrollbarProgress>0</verticalScrollbarProgress>
        <horizontalScrollbarShow>False</horizontalScrollbarShow>
        <horizontalScrollbarProgress>0</horizontalScrollbarProgress>
        <links eventType="AtClick" animate="AmNone" animateAutoDelay="0" animateDuration="500">
          <link targetPageID="" linkType="ltPageLink" isApplyIncludePage="False" title="%E9%93%BE%E6%8E%A5">
            <area shape="0" alt="" ID="{9C74B11B-6495-4FB2-BFAE-6898141F3B54}" coords="(0,0,360,49)"/>
          </link>
        </links>
        <interactiveData>
          <entry title="">
            <area shape="0" alt="" ID="{06EA3D95-D0D0-4A4F-8DF8-E4C1DB5D1CAF}" coords="(0,0,360,49)"/>
            <events title=""/>
          </entry>
        </interactiveData>
        <textSet textColor="4294967295" textSize="18" textFontFamily="%E5%BE%AE%E8%BD%AF%E9%9B%85%E9%BB%91" lineSpacingMultiple="1" textAlign="HaCenter" textVAlign="VaMiddle" textWordWrap="True" lineSpacing="24" textStyles="[]" useDefaultTextSize="False">
          <text>%E5%95%86%E5%93%81%E6%94%B6%E7%9B%8A%E6%98%8E%E7%BB%86</text>
        </textSet>
        <selectedIndex>-1</selectedIndex>
        <selectedColor>4282501083</selectedColor>
        <textPadding>0</textPadding>
        <shapeBorderType>SbRectangle</shapeBorderType>
        <triangleType>TdZero</triangleType>
        <dashMode>SdSolid</dashMode>
        <rectangleBorderLeftVisible>True</rectangleBorderLeftVisible>
        <rectangleBorderRightVisible>True</rectangleBorderRightVisible>
        <rectangleBorderTopVisible>True</rectangleBorderTopVisible>
        <rectangleBorderBottomVisible>True</rectangleBorderBottomVisible>
        <radius>0</radius>
        <radiusIsPercent>False</radiusIsPercent>
        <thickness>1</thickness>
      </controlProperties>
    </control>
    <control controlID="1DFB49E9-341E-4AC7-A5E4-1FEC53E3F670" controlTypeID="Shape" isShow="True" caption="%E5%BD%A2%E7%8A%B6" x="0" y="49" w="360" h="33" measuredW="120" measuredH="100" zOrder="1" locked="False" sizeLocked="False">
      <controlProperties>
        <basic color="4294967295" borderVisible="True" borderColor="4284900966" isAutoSize="False" status="MsEnabled" opacity="1" isCommentCom="False" canMove="True" alias="" rotation="0"/>
        <states/>
        <verticalScrollbarShow>False</verticalScrollbarShow>
        <verticalScrollbarProgress>0</verticalScrollbarProgress>
        <horizontalScrollbarShow>False</horizontalScrollbarShow>
        <horizontalScrollbarProgress>0</horizontalScrollbarProgress>
        <links eventType="AtClick" animate="AmNone" animateAutoDelay="0" animateDuration="500">
          <link targetPageID="" linkType="ltPageLink" isApplyIncludePage="False" title="%E9%93%BE%E6%8E%A5">
            <area shape="0" alt="" ID="{62789464-A382-4AD7-9E61-BF1E85A2ECD6}" coords="(0,0,360,33)"/>
          </link>
        </links>
        <interactiveData>
          <entry title="">
            <area shape="0" alt="" ID="{1A9ADF28-63CF-4F73-A8AF-62D6C0108E0D}" coords="(0,0,360,33)"/>
            <events title=""/>
          </entry>
        </interactiveData>
        <textSet textColor="4278190080" textSize="16" textFontFamily="%E5%BE%AE%E8%BD%AF%E9%9B%85%E9%BB%91" lineSpacingMultiple="1" textAlign="HaCenter" textVAlign="VaMiddle" textWordWrap="True" lineSpacing="21" textStyles="[]" useDefaultTextSize="False"/>
        <selectedIndex>-1</selectedIndex>
        <selectedColor>4282501083</selectedColor>
        <textPadding>0</textPadding>
        <shapeBorderType>SbRectangle</shapeBorderType>
        <triangleType>TdZero</triangleType>
        <dashMode>SdSolid</dashMode>
        <rectangleBorderLeftVisible>True</rectangleBorderLeftVisible>
        <rectangleBorderRightVisible>True</rectangleBorderRightVisible>
        <rectangleBorderTopVisible>True</rectangleBorderTopVisible>
        <rectangleBorderBottomVisible>True</rectangleBorderBottomVisible>
        <radius>0</radius>
        <radiusIsPercent>False</radiusIsPercent>
        <thickness>1</thickness>
      </controlProperties>
    </control>
    <control controlID="E5B51313-4AC8-455D-8B99-4363958FA04B" controlTypeID="Label" isShow="True" caption="%E5%8D%95%E8%A1%8C%E6%96%87%E5%AD%97" x="21" y="54" w="32" h="22" measuredW="0" measuredH="0" zOrder="2" locked="False" sizeLocked="False">
      <controlProperties>
        <basic color="0" borderVisible="True" borderColor="4284900966" isAutoSize="True" status="MsEnabled" opacity="1" isCommentCom="False" canMove="True" alias="" rotation="0"/>
        <states/>
        <verticalScrollbarShow>False</verticalScrollbarShow>
        <verticalScrollbarProgress>0</verticalScrollbarProgress>
        <horizontalScrollbarShow>False</horizontalScrollbarShow>
        <horizontalScrollbarProgress>0</horizontalScrollbarProgress>
        <links eventType="AtClick" animate="AmNone" animateAutoDelay="0" animateDuration="500">
          <link targetPageID="" linkType="ltPageLink" isApplyIncludePage="False" title="%E9%93%BE%E6%8E%A5">
            <area shape="0" alt="" ID="{43BC51B7-C675-4637-B003-8760C777BA88}" coords="(0,0,32,22)"/>
          </link>
        </links>
        <interactiveData>
          <entry title="">
            <area shape="0" alt="" ID="{64BE5103-396E-4346-B415-35C0C53056D6}" coords="(0,0,32,22)"/>
            <events title=""/>
          </entry>
        </interactiveData>
        <textSet textColor="4278190080" textSize="16" textFontFamily="%E5%BE%AE%E8%BD%AF%E9%9B%85%E9%BB%91" lineSpacingMultiple="1" textAlign="HaLeft" textVAlign="VaTop" textWordWrap="True" lineSpacing="21" textStyles="[]" useDefaultTextSize="False">
          <text>%E6%97%B6%E9%97%B4</text>
        </textSet>
        <selectedIndex>-1</selectedIndex>
        <selectedColor>4282501083</selectedColor>
        <textPadding>0</textPadding>
      </controlProperties>
    </control>
    <control controlID="524ED80B-C185-40F1-9BBA-DCBB1F931029" controlTypeID="Label" isShow="True" caption="%E5%8D%95%E8%A1%8C%E6%96%87%E5%AD%97" x="148" y="54" w="64" h="22" measuredW="0" measuredH="0" zOrder="3" locked="False" sizeLocked="False">
      <controlProperties>
        <basic color="0" borderVisible="True" borderColor="4284900966" isAutoSize="True" status="MsEnabled" opacity="1" isCommentCom="False" canMove="True" alias="" rotation="0"/>
        <states/>
        <verticalScrollbarShow>False</verticalScrollbarShow>
        <verticalScrollbarProgress>0</verticalScrollbarProgress>
        <horizontalScrollbarShow>False</horizontalScrollbarShow>
        <horizontalScrollbarProgress>0</horizontalScrollbarProgress>
        <links eventType="AtClick" animate="AmNone" animateAutoDelay="0" animateDuration="500">
          <link targetPageID="" linkType="ltPageLink" isApplyIncludePage="False" title="%E9%93%BE%E6%8E%A5">
            <area shape="0" alt="" ID="{43BC51B7-C675-4637-B003-8760C777BA88}" coords="(0,0,64,22)"/>
          </link>
        </links>
        <interactiveData>
          <entry title="">
            <area shape="0" alt="" ID="{64BE5103-396E-4346-B415-35C0C53056D6}" coords="(0,0,64,22)"/>
            <events title=""/>
          </entry>
        </interactiveData>
        <textSet textColor="4278190080" textSize="16" textFontFamily="%E5%BE%AE%E8%BD%AF%E9%9B%85%E9%BB%91" lineSpacingMultiple="1" textAlign="HaLeft" textVAlign="VaTop" textWordWrap="True" lineSpacing="21" textStyles="[]" useDefaultTextSize="False">
          <text>%E5%95%86%E5%93%81%E5%90%8D%E7%A7%B0</text>
        </textSet>
        <selectedIndex>-1</selectedIndex>
        <selectedColor>4282501083</selectedColor>
        <textPadding>0</textPadding>
      </controlProperties>
    </control>
    <control controlID="C82DF6AB-7BBB-4276-8D42-A2D4726CC816" controlTypeID="Label" isShow="True" caption="%E5%8D%95%E8%A1%8C%E6%96%87%E5%AD%97" x="275" y="54" w="64" h="22" measuredW="0" measuredH="0" zOrder="4" locked="False" sizeLocked="False">
      <controlProperties>
        <basic color="0" borderVisible="True" borderColor="4284900966" isAutoSize="True" status="MsEnabled" opacity="1" isCommentCom="False" canMove="True" alias="" rotation="0"/>
        <states/>
        <verticalScrollbarShow>False</verticalScrollbarShow>
        <verticalScrollbarProgress>0</verticalScrollbarProgress>
        <horizontalScrollbarShow>False</horizontalScrollbarShow>
        <horizontalScrollbarProgress>0</horizontalScrollbarProgress>
        <links eventType="AtClick" animate="AmNone" animateAutoDelay="0" animateDuration="500">
          <link targetPageID="" linkType="ltPageLink" isApplyIncludePage="False" title="%E9%93%BE%E6%8E%A5">
            <area shape="0" alt="" ID="{43BC51B7-C675-4637-B003-8760C777BA88}" coords="(0,0,64,22)"/>
          </link>
        </links>
        <interactiveData>
          <entry title="">
            <area shape="0" alt="" ID="{64BE5103-396E-4346-B415-35C0C53056D6}" coords="(0,0,64,22)"/>
            <events title=""/>
          </entry>
        </interactiveData>
        <textSet textColor="4278190080" textSize="16" textFontFamily="%E5%BE%AE%E8%BD%AF%E9%9B%85%E9%BB%91" lineSpacingMultiple="1" textAlign="HaLeft" textVAlign="VaTop" textWordWrap="True" lineSpacing="21" textStyles="[]" useDefaultTextSize="False">
          <text>%E5%95%86%E5%93%81%E6%94%B6%E7%9B%8A</text>
        </textSet>
        <selectedIndex>-1</selectedIndex>
        <selectedColor>4282501083</selectedColor>
        <textPadding>0</textPadding>
      </controlProperties>
    </control>
    <control controlID="81D06D3D-ACC8-4076-9055-B14CD3DBEF97" controlTypeID="Shape" isShow="True" caption="%E5%BD%A2%E7%8A%B6" x="0" y="82" w="360" h="558" measuredW="120" measuredH="100" zOrder="5" locked="False" sizeLocked="False">
      <controlProperties>
        <basic color="4294967295" borderVisible="True" borderColor="4284900966" isAutoSize="False" status="MsEnabled" opacity="1" isCommentCom="False" canMove="True" alias="" rotation="0"/>
        <states/>
        <verticalScrollbarShow>False</verticalScrollbarShow>
        <verticalScrollbarProgress>0</verticalScrollbarProgress>
        <horizontalScrollbarShow>False</horizontalScrollbarShow>
        <horizontalScrollbarProgress>0</horizontalScrollbarProgress>
        <links eventType="AtClick" animate="AmNone" animateAutoDelay="0" animateDuration="500">
          <link targetPageID="" linkType="ltPageLink" isApplyIncludePage="False" title="%E9%93%BE%E6%8E%A5">
            <area shape="0" alt="" ID="{ECF1442B-C389-4887-915D-C787C69534BC}" coords="(0,0,360,558)"/>
          </link>
        </links>
        <interactiveData>
          <entry title="">
            <area shape="0" alt="" ID="{31C32F5E-788D-49FD-A067-8CE875974D62}" coords="(0,0,360,558)"/>
            <events title=""/>
          </entry>
        </interactiveData>
        <textSet textColor="4278190080" textSize="12" textFontFamily="%E5%BE%AE%E8%BD%AF%E9%9B%85%E9%BB%91" lineSpacingMultiple="1" textAlign="HaCenter" textVAlign="VaMiddle" textWordWrap="True" lineSpacing="16" textStyles="[]" useDefaultTextSize="True">
          <text>%E6%9A%82%E5%95%86%E5%93%81%E6%94%B6%E7%9B%8A%E6%98%8E%E7%BB%86</text>
        </textSet>
        <selectedIndex>-1</selectedIndex>
        <selectedColor>4282501083</selectedColor>
        <textPadding>0</textPadding>
        <shapeBorderType>SbRectangle</shapeBorderType>
        <triangleType>TdZero</triangleType>
        <dashMode>SdSolid</dashMode>
        <rectangleBorderLeftVisible>True</rectangleBorderLeftVisible>
        <rectangleBorderRightVisible>True</rectangleBorderRightVisible>
        <rectangleBorderTopVisible>True</rectangleBorderTopVisible>
        <rectangleBorderBottomVisible>True</rectangleBorderBottomVisible>
        <radius>0</radius>
        <radiusIsPercent>False</radiusIsPercent>
        <thickness>1</thickness>
      </controlProperties>
    </control>
    <control controlID="DD361539-0162-4284-929F-1452E9D73474" controlTypeID="Icon" isShow="True" caption="%E5%9B%BE%E6%A0%87" x="3" y="12" w="22" h="22" measuredW="32" measuredH="32" zOrder="6" locked="False" sizeLocked="False">
      <controlProperties>
        <basic color="4294967295" borderVisible="True" borderColor="4284900966" isAutoSize="False" status="MsEnabled" opacity="1" isCommentCom="False" canMove="True" alias="" rotation="0"/>
        <states/>
        <verticalScrollbarShow>False</verticalScrollbarShow>
        <verticalScrollbarProgress>0</verticalScrollbarProgress>
        <horizontalScrollbarShow>False</horizontalScrollbarShow>
        <horizontalScrollbarProgress>0</horizontalScrollbarProgress>
        <links eventType="AtClick" animate="AmNone" animateAutoDelay="0" animateDuration="500">
          <link targetPageID="" linkType="ltPageLink" isApplyIncludePage="False" title="%E9%93%BE%E6%8E%A5">
            <area shape="0" alt="" ID="{127A6318-44CE-41B2-8203-0965EDFBB7EC}" coords="(0,0,22,22)"/>
          </link>
        </links>
        <interactiveData>
          <entry title="">
            <area shape="0" alt="" ID="{B7070BF1-DB19-4DEF-BD07-76B0AF269E3A}" coords="(0,0,22,22)"/>
            <events title=""/>
          </entry>
        </interactiveData>
        <rotationAngle>TdZero</rotationAngle>
        <icon>
          <ID/>
          <iconFontName>jdIonicons</iconFontName>
          <iconCode>62154</iconCode>
        </icon>
        <URL>D95E480717200F895E41DB6E5B869596.svg</URL>
        <FlipHorizontal>False</FlipHorizontal>
        <FlipVertical>False</FlipVertical>
      </controlProperties>
    </control>
  </controls>
  <param>
    <backgroundColor>4294967295</backgroundColor>
    <fontFamily/>
    <guideLines/>
  </param>
</mockup>